delegation,gouvernorat,chambres,salle_de_bains,nb_pieces,superficie,etage,prix
Cite Ennasr,ariana,1,1,2.0,65.0,1,175000.0
Cite El Ghazela,ariana,2,1,3.0,100.0,3,270000.0
ariana,ariana,4,2,5.0,140.0,5,390000.0
ariana,ariana,3,1,3.0,124.0,1,400000.0
La Soukra,ariana,3,2,5.0,140.0,2,345000.0
El Menzah 1,ariana,2,1,3.0,70.0,2,230000.0
ariana,ariana,2,1,3.0,102.0,2,275000.0
ariana,ariana,3,1,3.0,140.0,3,130000.0
Cite Ennasr,ariana,1,1,2.0,60.0,1,150000.0
Raoued,ariana,2,1,3.0,120.0,1,340000.0
La Soukra,ariana,3,1,4.0,132.0,2,285000.0
La Soukra,ariana,3,1,4.0,126.0,1,250000.0
El Menzah 1,ariana,2,2,3.0,124.0,1,295000.0
Cite Ennasr,ariana,3,2,4.0,136.0,5,330000.0
Cite Ennasr,ariana,3,2,4.0,148.0,1,350000.0
Cite El Ghazela,ariana,4,1,4.0,160.0,6,430000.0
Cite Ennasr,ariana,2,2,3.0,132.0,1,295000.0
Cite Ennasr,ariana,3,1,4.0,142.0,6,295000.0
Cite Ennasr,ariana,2,2,3.0,108.0,3,380000.0
ariana,ariana,4,2,5.0,144.0,1,240000.0
Cite Ennasr,ariana,2,1,3.0,111.0,1,280000.0
Cite Ennasr,ariana,2,1,3.0,170.0,1,430000.0
ariana,ariana,2,1,3.0,89.0,1,200000.0
Cite Ennasr,ariana,1,1,2.0,65.0,3,200000.0
ariana,ariana,3,2,4.0,220.0,4,490000.0
ariana,ariana,4,1,5.0,115.0,1,350000.0
Raoued,ariana,1,1,2.0,63.0,1,100000.0
ariana,ariana,3,1,4.0,120.0,1,100000.0
ariana,ariana,2,1,3.0,90.0,1,135000.0
ariana,ariana,3,2,4.0,129.0,1,210000.0
Borj Louzir,ariana,2,1,3.0,70.0,1,175000.0
Raoued,ariana,3,1,4.0,200.0,1,700000.0
El Menzah 1,ariana,2,1,3.0,117.0,1,340000.0
Raoued,ariana,3,2,4.0,200.0,1,675000.0
ariana,ariana,1,1,2.0,78.0,2,235000.0
Borj Louzir,ariana,2,1,5.0,120.0,2,100000.0
La Soukra,ariana,2,2,3.0,125.0,2,450000.0
Cite El Ghazela,ariana,1,1,2.0,63.0,2,170000.0
Raoued,ariana,3,2,4.0,135.0,5,240000.0
La Soukra,ariana,4,2,5.0,170.0,1,400000.0
Cite Ennasr,ariana,1,1,2.0,78.0,2,235000.0
La Soukra,ariana,1,1,1.0,50.0,1,170000.0
Borj Louzir,ariana,3,2,4.0,260.0,1,445000.0
Raoued,ariana,2,2,3.0,163.0,3,250000.0
El Menzah 1,ariana,2,1,3.0,100.0,1,250000.0
ariana,ariana,2,1,3.0,74.0,5,280000.0
El Menzah 1,ariana,2,1,3.0,100.0,1,265000.0
El Menzah 1,ariana,3,2,7.0,112.0,3,315000.0
El Menzah 1,ariana,3,2,3.0,125.0,1,280000.0
La Soukra,ariana,3,1,4.0,124.0,1,450000.0
Cite Ennasr,ariana,1,1,2.0,60.0,1,235000.0
El Manar,ariana,3,2,4.0,120.0,3,300000.0
ariana,ariana,3,1,4.0,110.0,1,165000.0
ariana,ariana,2,2,3.0,85.0,2,270000.0
La Soukra,ariana,1,1,2.0,75.0,1,220000.0
Raoued,ariana,5,2,4.0,144.0,2,220000.0
El Manar,ariana,2,1,3.0,85.0,1,250000.0
Cite El Ghazela,ariana,3,2,4.0,160.0,3,370000.0
El Menzah 1,ariana,2,2,3.0,124.5,2,270000.0
La Soukra,ariana,2,1,3.0,100.0,1,340000.0
Borj Louzir,ariana,2,1,2.0,80.0,3,128000.0
Chotrana,ariana,3,3,4.0,175.0,1,550000.0
La Soukra,ariana,1,1,2.0,52.0,1,210000.0
Chotrana,ariana,4,3,5.0,220.0,1,620000.0
El Menzah 1,ariana,2,1,3.0,90.0,1,320000.0
El Menzah 1,ariana,1,1,2.0,60.0,1,192000.0
ariana,ariana,2,1,3.0,62.0,4,160000.0
Cite Ennasr,ariana,2,1,3.0,136.0,1,355000.0
La Soukra,ariana,3,2,4.0,170.0,1,400000.0
Raoued,ariana,2,1,3.0,105.0,2,190000.0
Raoued,ariana,2,2,3.0,154.0,1,490000.0
Borj Louzir,ariana,3,2,7.0,163.0,1,448000.0
La Soukra,ariana,2,1,3.0,110.0,1,250000.0
La Soukra,ariana,2,1,3.0,116.0,1,425000.0
Borj Louzir,ariana,3,1,4.0,134.0,1,250000.0
La Soukra,ariana,3,1,3.0,188.0,1,660000.0
La Soukra,ariana,2,1,3.0,90.0,1,410000.0
Raoued,ariana,2,1,3.0,80.0,3,124999.0
La Soukra,ariana,3,1,4.0,185.0,1,590000.0
ariana,ariana,3,1,4.0,75.0,1,115000.0
Raoued,ariana,2,1,3.0,70.0,2,130000.0
La Soukra,ariana,3,1,4.0,150.0,1,369000.0
Cite El Ghazela,ariana,3,1,3.0,120.0,3,150000.0
Chotrana,ariana,3,1,3.0,110.0,1,240000.0
Cite El Ghazela,ariana,3,2,4.0,134.0,5,260000.0
La Soukra,ariana,2,1,2.0,100.0,2,180000.0
Raoued,ariana,2,1,3.0,90.0,1,190000.0
La Soukra,ariana,2,1,3.0,89.0,4,250000.0
Chotrana,ariana,3,2,4.0,160.0,1,500000.0
La Soukra,ariana,1,1,2.0,150.0,1,380000.0
ariana,ariana,3,2,3.0,110.0,1,180000.0
La Soukra,ariana,3,1,4.0,153.0,2,320000.0
La Soukra,ariana,2,1,3.0,160.0,1,378000.0
La Soukra,ariana,3,2,4.0,170.0,1,500000.0
Borj Louzir,ariana,4,1,5.0,108.0,1,170000.0
El Menzah 1,ariana,3,1,5.0,110.0,1,400000.0
El Menzah 1,ariana,3,1,3.0,110.0,1,400000.0
Cite Ennasr,ariana,2,1,3.0,98.0,6,275000.0
Raoued,ariana,2,1,3.0,70.0,1,140000.0
Raoued,ariana,5,3,6.0,300.0,1,620000.0
Raoued,ariana,2,1,3.0,70.0,1,125000.0
La Soukra,ariana,2,1,3.0,90.0,1,185000.0
El Menzah 1,ariana,2,1,3.0,77.0,3,190000.0
La Soukra,ariana,2,1,3.0,73.0,2,145800.0
Cite Ennasr,ariana,2,1,3.0,100.0,3,234000.0
Cite El Ghazela,ariana,3,1,4.0,126.0,2,250000.0
Cite El Ghazela,ariana,3,1,4.0,149.0,1,461000.0
Raoued,ariana,2,1,3.0,120.0,1,280000.0
Raoued,ariana,2,1,3.0,63.0,1,100000.0
Borj Louzir,ariana,2,1,3.0,96.0,1,190000.0
El Menzah 1,ariana,1,1,2.0,60.0,1,230000.0
El Menzah 1,ariana,3,1,4.0,180.0,2,325000.0
La Soukra,ariana,3,1,4.0,100.0,1,320000.0
ariana,ariana,2,1,3.0,80.0,2,249000.0
La Soukra,ariana,3,2,4.0,189.0,1,660000.0
La Soukra,ariana,1,1,2.0,77.0,1,225000.0
Borj Louzir,ariana,2,1,3.0,96.0,4,140000.0
Raoued,ariana,2,1,3.0,75.0,1,135000.0
ariana,ariana,3,1,3.0,150.0,-3,380000.0
Cite Ennasr,ariana,4,1,5.0,201.0,1,560000.0
ariana,ariana,3,1,4.0,105.0,4,138000.0
Raoued,ariana,3,1,4.0,135.0,2,245000.0
Cite Ennasr,ariana,3,2,5.0,81.0,1,230000.0
Raoued,ariana,2,1,3.0,70.0,1,165000.0
Cite Ennasr,ariana,3,2,4.0,59.0,1,230000.0
Raoued,ariana,3,1,4.0,154.0,5,430000.0
ariana,ariana,1,1,1.0,64.0,1,180000.0
El Menzah 1,ariana,3,2,4.0,200.0,1,450000.0
La Soukra,ariana,2,1,3.0,90.0,1,230000.0
Cite Ennasr,ariana,4,1,5.0,130.0,1,415000.0
ariana,ariana,3,2,6.0,125.0,4,225000.0
ariana,ariana,2,1,3.0,115.0,1,320000.0
Borj Louzir,ariana,3,1,4.0,100.0,1,195000.0
ariana,ariana,2,1,3.0,296.0,1,320000.0
ariana,ariana,3,1,4.0,185.0,2,320000.0
La Soukra,ariana,3,1,4.0,140.0,1,360000.0
Raoued,ariana,1,1,2.0,76.0,1,195000.0
Raoued,ariana,1,1,2.0,68.0,1,290000.0
Raoued,ariana,3,1,4.0,144.0,4,330000.0
El Menzah 1,ariana,3,1,4.0,173.4,1,390000.0
ariana,ariana,3,1,3.0,85.0,1,100000.0
La Soukra,ariana,1,1,2.0,30.0,1,130000.0
Chotrana,ariana,2,1,3.0,153.0,1,390000.0
Chotrana,ariana,3,2,4.0,124.0,1,250000.0
La Soukra,ariana,2,1,3.0,95.0,1,210000.0
Cite Ennasr,ariana,1,1,2.0,46.0,1,190000.0
La Soukra,ariana,3,1,4.0,110.0,1,270000.0
ariana,ariana,2,1,2.0,114.0,5,300000.0
Raoued,ariana,2,1,3.0,160.0,2,135000.0
ariana,ariana,3,1,2.0,80.0,1,175000.0
ariana,ariana,2,1,3.0,77.0,1,270000.0
ariana,ariana,2,1,3.0,80.0,1,175000.0
La Soukra,ariana,3,2,3.0,130.0,3,245000.0
Chotrana,ariana,3,1,3.0,123.0,1,381000.0
ariana,ariana,4,1,4.0,200.0,1,100000.0
ariana,ariana,3,1,4.0,130.0,3,310000.0
La Soukra,ariana,3,2,4.0,130.0,1,270000.0
ariana,ariana,3,1,4.0,120.0,1,280000.0
La Soukra,ariana,3,2,4.0,182.0,1,650000.0
Borj Louzir,ariana,2,1,2.0,58.0,1,115000.0
ariana,ariana,1,1,1.0,46.0,1,165000.0
El Menzah 1,ariana,2,2,4.0,117.0,5,380000.0
El Menzah 1,ariana,2,1,2.0,100.0,1,230000.0
Cite Ennasr,ariana,3,2,4.0,120.0,1,550000.0
La Soukra,ariana,4,1,4.0,155.0,2,340000.0
La Soukra,ariana,3,1,3.0,110.0,2,106000.0
Cite El Ghazela,ariana,2,2,3.0,117.0,1,327000.0
ariana,ariana,1,1,1.0,58.0,2,200000.0
Cite Ennasr,ariana,3,1,4.0,143.0,3,575000.0
ariana,ariana,4,2,5.0,275.0,3,650000.0
Cite Ennasr,ariana,3,2,5.0,300.0,1,444000.0
Cite Ennasr,ariana,3,2,5.0,300.0,1,320000.0
La Soukra,ariana,3,1,3.0,155.0,2,520000.0
Cite Ennasr,ariana,3,2,5.0,300.0,1,870000.0
ariana,ariana,3,1,3.0,167.0,2,395000.0
ariana,ariana,2,1,6.0,65.0,3,100000.0
Cite Ennasr,ariana,2,2,3.0,147.0,1,475000.0
ariana,ariana,1,1,1.0,62.0,2,210000.0
ariana,ariana,3,1,4.0,130.4,1,270000.0
Borj Louzir,ariana,3,1,4.0,105.6,4,165000.0
Borj Louzir,ariana,2,1,3.0,70.0,1,120000.0
ariana,ariana,1,1,1.0,96.0,4,210000.0
Cite Ennasr,ariana,3,1,3.0,100.0,1,300000.0
La Soukra,ariana,1,1,2.0,60.0,1,170000.0
La Soukra,ariana,2,1,3.0,75.0,1,250000.0
ariana,ariana,3,3,4.0,176.0,1,100000.0
ariana,ariana,1,2,2.0,48.0,4,280000.0
La Soukra,ariana,3,1,4.0,166.0,1,640000.0
La Soukra,ariana,4,2,5.0,160.0,6,380000.0
Cite Ennasr,ariana,3,1,3.0,118.0,3,320000.0
Chotrana,ariana,3,2,5.0,138.0,1,180000.0
ariana,ariana,3,2,3.0,120.0,1,275000.0
Cite Ennasr,ariana,5,3,5.0,223.0,1,713600.0
Cite Ennasr,ariana,2,1,3.0,132.0,3,400000.0
Cite Ennasr,ariana,2,1,3.0,120.0,4,330000.0
ariana,ariana,3,2,3.0,154.0,5,430000.0
Cite Ennasr,ariana,2,1,3.0,132.0,3,380000.0
La Soukra,ariana,3,1,5.0,138.0,1,420000.0
Cite Ennasr,ariana,2,1,3.0,96.0,3,350000.0
La Soukra,ariana,3,1,3.0,198.0,1,630000.0
La Soukra,ariana,3,1,3.0,174.0,3,557000.0
ariana,ariana,1,1,2.0,55.0,8,180000.0
El Manar,ariana,3,1,4.0,81.0,1,260000.0
La Soukra,ariana,2,1,3.0,130.0,2,265000.0
Raoued,ariana,2,1,3.0,148.0,6,400000.0
La Soukra,ariana,3,3,4.0,300.0,1,750000.0
La Soukra,ariana,2,1,3.0,100.0,2,185000.0
La Soukra,ariana,2,1,3.0,125.0,2,450000.0
La Soukra,ariana,2,1,3.0,120.0,2,450000.0
Raoued,ariana,3,1,4.0,140.0,2,370000.0
ariana,ariana,4,2,5.0,200.0,1,450000.0
ariana,ariana,3,1,5.0,100.0,1,110000.0
La Soukra,ariana,2,1,2.0,100.0,1,210000.0
La Soukra,ariana,3,1,3.0,156.0,1,650000.0
ariana,ariana,3,1,4.0,145.0,1,270000.0
La Soukra,ariana,3,1,6.0,159.0,5,510000.0
El Menzah 1,ariana,3,1,4.0,140.0,1,350000.0
ariana,ariana,4,2,5.0,155.0,1,450000.0
La Soukra,ariana,3,1,4.0,120.0,2,330000.0
ariana,ariana,2,1,3.0,100.0,1,245000.0
La Soukra,ariana,2,1,3.0,140.0,1,430000.0
El Menzah 1,ariana,3,1,7.0,100.0,4,190000.0
La Soukra,ariana,1,1,1.0,68.0,1,319000.0
La Soukra,ariana,3,1,3.0,123.0,1,550000.0
La Soukra,ariana,2,1,2.0,124.0,1,350000.0
ariana,ariana,1,1,1.0,67.0,1,200000.0
ariana,ariana,1,1,1.0,45.0,4,170000.0
ariana,ariana,4,2,5.0,179.0,1,510000.0
ariana,ariana,3,1,3.0,300.0,4,690000.0
ariana,ariana,3,1,3.0,122.0,1,250000.0
Cite Ennasr,ariana,1,1,2.0,100.0,8,299000.0
ariana,ariana,2,1,2.0,114.0,2,330000.0
ariana,ariana,2,1,2.0,129.0,3,330000.0
La Soukra,ariana,3,2,4.0,147.0,1,540000.0
Cite El Ghazela,ariana,2,1,3.0,114.0,4,285000.0
La Soukra,ariana,3,3,3.0,160.0,1,670000.0
Borj Louzir,ariana,3,1,5.0,124.0,3,250000.0
ariana,ariana,1,1,1.0,69.0,4,188000.0
Raoued,ariana,2,1,2.0,105.0,1,245000.0
La Soukra,ariana,1,1,2.0,62.0,1,254400.0
ariana,ariana,1,1,1.0,89.0,2,290000.0
La Soukra,ariana,1,1,3.0,68.0,2,230000.0
El Menzah 1,ariana,3,1,4.0,157.0,1,365000.0
Raoued,ariana,1,1,2.0,75.0,1,261000.0
La Soukra,ariana,2,1,3.0,90.0,1,135000.0
La Soukra,ariana,3,2,4.0,140.0,1,335000.0
Cite Ennasr,ariana,3,1,4.0,135.0,1,320000.0
La Soukra,ariana,3,2,4.0,119.0,1,370000.0
La Soukra,ariana,1,1,1.0,78.0,3,235000.0
Borj Louzir,ariana,2,1,3.0,81.2,2,125000.0
Cite Ennasr,ariana,1,1,1.0,74.0,3,175000.0
La Soukra,ariana,3,1,4.0,142.0,6,390000.0
Cite El Ghazela,ariana,3,2,4.0,140.0,1,120000.0
El Menzah 1,ariana,3,2,4.0,140.0,1,130000.0
Cite Ennasr,ariana,2,1,3.0,100.0,4,270000.0
El Menzah 1,ariana,2,1,3.0,100.0,1,230000.0
Cite Ennasr,ariana,3,2,4.0,142.0,6,275000.0
Cite Ennasr,ariana,1,1,2.0,81.0,1,259000.0
La Soukra,ariana,3,2,4.0,170.0,1,430000.0
Borj Louzir,ariana,2,1,6.0,61.0,1,105000.0
La Soukra,ariana,4,1,4.0,135.0,1,265000.0
La Soukra,ariana,3,1,4.0,130.0,2,200000.0
El Menzah 1,ariana,1,1,2.0,73.0,2,180000.0
El Menzah 1,ariana,2,1,3.0,101.0,1,220000.0
ariana,ariana,3,2,4.0,108.0,1,150000.0
Cite Ennasr,ariana,3,2,3.0,155.0,2,260000.0
Cite Ennasr,ariana,4,2,5.0,150.0,1,200000.0
Cite El Ghazela,ariana,3,1,4.0,168.0,1,335000.0
El Menzah 1,ariana,3,2,4.0,124.0,3,290000.0
Raoued,ariana,3,1,4.0,192.0,1,750000.0
El Menzah 1,ariana,3,2,4.0,120.0,1,350000.0
ariana,ariana,2,1,3.0,89.0,1,200000.0
Cite Ennasr,ariana,2,2,3.0,132.0,1,400000.0
Cite El Ghazela,ariana,3,2,4.0,128.0,1,310000.0
El Menzah 1,ariana,3,3,4.0,141.0,4,400000.0
ariana,ariana,3,1,4.0,128.0,1,175000.0
El Menzah 1,ariana,3,1,4.0,147.0,1,270000.0
Cite Ennasr,ariana,3,2,4.0,136.0,5,365000.0
El Menzah 1,ariana,1,1,2.0,100.0,4,190000.0
El Menzah 1,ariana,2,1,3.0,104.0,1,255000.0
Cite Ennasr,ariana,3,1,4.0,145.0,1,425000.0
La Soukra,ariana,2,1,3.0,120.0,1,290000.0
La Soukra,ariana,4,2,9.0,300.0,1,554000.0
Cite Ennasr,ariana,2,2,5.0,105.0,1,290000.0
Cite Ennasr,ariana,1,1,1.0,47.0,1,125000.0
Borj Louzir,ariana,2,1,3.0,100.0,5,180000.0
Cite Ennasr,ariana,3,2,6.0,170.0,1,470000.0
La Soukra,ariana,3,3,3.0,175.0,1,590000.0
El Menzah 1,ariana,1,1,2.0,65.0,1,100000.0
Borj Louzir,ariana,3,1,7.0,103.0,2,250000.0
Cite Ennasr,ariana,3,2,5.0,148.0,1,472000.0
Cite Ennasr,ariana,3,2,5.0,150.0,1,353000.0
El Manar,ariana,2,2,3.0,69.0,1,295000.0
Cite Ennasr,ariana,2,2,5.0,125.0,1,310000.0
La Soukra,ariana,4,3,5.0,200.0,1,728000.0
Cite El Ghazela,ariana,3,1,4.0,113.6,1,160000.0
La Soukra,ariana,2,2,3.0,128.6,1,460000.0
Kalaât El Andalous,ariana,3,2,3.0,124.0,1,340000.0
Cite Ennasr,ariana,3,2,7.0,149.0,3,370000.0
Borj Louzir,ariana,2,2,3.0,120.0,1,260000.0
Raoued,ariana,3,1,3.0,70.0,3,145000.0
Cite Ennasr,ariana,1,1,2.0,65.0,4,100000.0
ariana,ariana,2,1,4.0,125.0,1,290000.0
El Menzah 1,ariana,2,2,2.0,80.0,1,240000.0
Cite Ennasr,ariana,2,2,3.0,107.0,1,269000.0
El Menzah 1,ariana,3,2,3.0,120.0,3,285000.0
ariana,ariana,3,2,3.0,108.0,1,230000.0
Cite Ennasr,ariana,2,1,3.0,110.0,1,255000.0
Raoued,ariana,2,3,3.0,85.2,3,230000.0
ariana,ariana,1,1,1.0,58.6,1,150000.0
Raoued,ariana,2,1,3.0,104.0,1,259000.0
La Soukra,ariana,1,1,2.0,70.0,2,210000.0
Borj Louzir,ariana,2,1,3.0,126.0,1,216000.0
El Manar,ariana,3,2,4.0,110.0,1,290000.0
La Soukra,ariana,2,2,3.0,164.0,1,570000.0
El Manar,ariana,2,1,3.0,85.0,1,250000.0
La Soukra,ariana,2,2,3.0,120.0,1,445000.0
La Soukra,ariana,3,2,3.0,155.0,1,640000.0
Cite Ennasr,ariana,1,1,2.0,35.0,4,135000.0
ariana,ariana,3,2,4.0,180.0,6,405000.0
ariana,ariana,3,2,4.0,167.0,1,360000.0
La Soukra,ariana,3,1,3.0,80.0,1,130000.0
La Soukra,ariana,3,2,4.0,140.0,1,350000.0
ariana,ariana,4,1,4.0,90.0,2,300000.0
El Menzah 1,ariana,2,1,3.0,86.0,1,229000.0
Cite Ennasr,ariana,2,2,3.0,96.0,1,320000.0
La Soukra,ariana,2,1,3.0,90.0,4,200000.0
Cite Ennasr,ariana,2,1,3.0,100.0,1,250000.0
ariana,ariana,3,2,4.0,95.0,1,320000.0
Cite Ennasr,ariana,3,2,5.0,148.0,1,319000.0
Cite Ennasr,ariana,2,2,3.0,108.0,2,270000.0
La Soukra,ariana,3,1,5.0,165.0,2,370000.0
Cite Ennasr,ariana,1,1,2.0,66.0,1,185000.0
Cite Ennasr,ariana,2,3,5.0,136.0,1,350000.0
ariana,ariana,3,3,4.0,180.0,2,420000.0
ariana,ariana,2,1,3.0,100.0,4,145000.0
Cite Ennasr,ariana,3,2,5.0,100.0,1,291000.0
Cite Ennasr,ariana,3,2,5.0,148.0,1,399000.0
Cite Ennasr,ariana,2,1,3.0,79.0,1,225000.0
Cite Ennasr,ariana,3,2,5.0,124.0,1,348000.0
Cite Ennasr,ariana,4,2,5.0,152.0,3,429000.0
Cite Ennasr,ariana,2,2,5.0,125.0,1,319000.0
Cite Ennasr,ariana,3,2,4.0,260.0,3,575000.0
Cite El Ghazela,ariana,1,1,1.0,71.0,1,125000.0
Cite El Ghazela,ariana,2,1,3.0,89.0,1,220000.0
Cite Ennasr,ariana,4,3,5.0,155.0,1,370000.0
El Menzah 1,ariana,3,1,4.0,173.0,1,455000.0
Borj Louzir,ariana,2,1,3.0,126.0,1,207000.0
Cite Ennasr,ariana,3,2,4.0,125.0,1,460000.0
Borj Louzir,ariana,2,1,3.0,200.0,1,100000.0
El Menzah 1,ariana,3,2,4.0,125.0,3,285000.0
La Soukra,ariana,2,1,3.0,108.0,1,295000.0
El Menzah 1,ariana,1,1,2.0,72.03,4,250000.0
La Soukra,ariana,2,2,3.0,128.0,1,460000.0
Cite Ennasr,ariana,1,1,2.0,49.0,2,180000.0
Cite El Ghazela,ariana,3,1,4.0,130.0,3,320000.0
La Soukra,ariana,1,1,2.0,68.0,1,177000.0
Cite El Ghazela,ariana,2,1,3.0,89.0,2,220000.0
Cite Ennasr,ariana,2,1,2.0,63.0,6,178000.0
Borj Louzir,ariana,2,1,3.0,70.0,4,100000.0
Cite Ennasr,ariana,3,2,4.0,100.0,1,340000.0
Raoued,ariana,3,1,4.0,94.4,1,140000.0
El Menzah 1,ariana,3,1,4.0,120.0,1,460000.0
El Menzah 1,ariana,2,1,2.0,70.0,6,160000.0
La Soukra,ariana,1,1,2.0,67.0,1,177000.0
Chotrana,ariana,3,2,4.0,228.0,1,644000.0
La Soukra,ariana,3,2,4.0,140.0,2,280000.0
Cite Ennasr,ariana,3,2,4.0,300.0,6,800000.0
Raoued,ariana,3,1,4.0,110.0,2,100000.0
Cite Ennasr,ariana,3,2,4.0,128.0,5,325000.0
ariana,ariana,2,1,3.0,100.0,1,120000.0
ariana,ariana,3,2,7.0,180.0,1,310000.0
La Soukra,ariana,2,1,3.0,100.0,5,270000.0
El Manar,ariana,3,2,4.0,90.0,1,150000.0
ariana,ariana,4,2,5.0,145.0,2,255000.0
Raoued,ariana,1,1,2.0,66.0,1,100000.0
ariana,ariana,3,2,6.0,120.0,2,100000.0
La Soukra,ariana,1,1,2.0,90.0,2,200000.0
Raoued,ariana,2,1,2.0,75.0,1,262000.0
Cite El Ghazela,ariana,2,1,3.0,117.0,1,311000.0
La Soukra,ariana,2,1,2.0,89.0,2,345000.0
ariana,ariana,4,2,4.0,142.0,1,430000.0
Borj Louzir,ariana,1,1,1.0,84.0,1,155000.0
Chotrana,ariana,2,2,2.0,90.0,1,120000.0
La Soukra,ariana,1,1,2.0,78.0,1,235000.0
Chotrana,ariana,3,1,4.0,237.0,1,670000.0
Chotrana,ariana,1,2,1.0,70.0,1,234500.0
La Soukra,ariana,2,1,3.0,117.0,3,195000.0
La Soukra,ariana,2,1,2.0,109.0,1,327000.0
La Soukra,ariana,2,1,5.0,126.0,1,430000.0
El Menzah 1,ariana,3,1,4.0,180.0,1,480000.0
El Menzah 1,ariana,3,1,4.0,109.0,1,250000.0
Cite El Ghazela,ariana,2,2,3.0,110.0,2,350000.0
Raoued,ariana,3,2,5.0,136.0,5,330000.0
Raoued,ariana,3,2,5.0,136.0,5,325000.0
ariana,ariana,3,2,4.0,111.0,1,195000.0
Raoued,ariana,3,1,4.0,134.0,5,240000.0
Borj Louzir,ariana,3,1,4.0,103.0,1,200000.0
El Menzah 1,ariana,3,1,4.0,155.2,1,430000.0
La Soukra,ariana,2,1,3.0,110.0,3,169000.0
La Soukra,ariana,2,1,3.0,80.0,6,195000.0
Cite El Ghazela,ariana,4,3,5.0,189.0,1,265000.0
Cite Ennasr,ariana,3,2,4.0,150.0,1,330000.0
Chotrana,ariana,2,2,3.0,170.0,1,420256.0
Cite Ennasr,ariana,3,1,5.0,80.0,1,225000.0
La Soukra,ariana,3,2,4.0,164.0,2,360000.0
Chotrana,ariana,2,1,2.0,115.0,1,333500.0
Cite Ennasr,ariana,4,3,3.0,212.0,4,415000.0
Cite Ennasr,ariana,3,2,5.0,170.0,1,470000.0
Cite El Ghazela,ariana,2,1,2.0,122.0,2,323300.0
Raoued,ariana,1,1,2.0,88.0,1,165000.0
El Menzah 1,ariana,3,2,4.0,135.0,1,385000.0
Raoued,ariana,2,1,3.0,75.0,1,175000.0
Chotrana,ariana,3,1,3.0,230.0,1,630000.0
Chotrana,ariana,3,1,3.0,185.0,1,560000.0
La Soukra,ariana,2,1,3.0,217.0,1,511000.0
Cite Ennasr,ariana,1,1,2.0,67.0,1,190000.0
Borj Louzir,ariana,2,1,2.0,90.0,1,140000.0
La Soukra,ariana,2,2,3.0,147.0,2,285000.0
ariana,ariana,3,2,4.0,170.0,1,360000.0
La Soukra,ariana,3,2,4.0,140.0,1,527000.0
La Soukra,ariana,3,2,4.0,162.99,1,440000.0
Raoued,ariana,3,1,4.0,300.0,1,170000.0
La Soukra,ariana,2,2,3.0,124.0,1,350000.0
Cite Ennasr,ariana,3,2,5.0,148.0,1,399000.0
Raoued,ariana,3,2,5.0,136.0,5,330000.0
Borj Louzir,ariana,3,1,7.0,120.0,1,200000.0
La Soukra,ariana,2,1,2.0,127.0,1,364000.0
Cite Ennasr,ariana,1,1,2.0,69.0,1,200000.0
ariana,ariana,3,1,5.0,95.0,1,185000.0
Borj Louzir,ariana,3,1,3.0,90.0,3,150000.0
ariana,ariana,1,1,2.0,92.0,1,185000.0
Cite Ennasr,ariana,2,1,3.0,73.0,4,175000.0
Borj Louzir,ariana,3,2,5.0,96.0,1,165000.0
La Soukra,ariana,3,1,4.0,170.0,1,540000.0
La Soukra,ariana,2,1,2.0,109.0,1,327000.0
Cite El Ghazela,ariana,5,2,7.0,182.0,1,426000.0
Borj Louzir,ariana,2,1,2.0,134.0,1,266925.0
Borj Louzir,ariana,1,1,1.0,84.0,1,155000.0
El Manar,ariana,3,2,4.0,140.0,2,250000.0
Cite Ennasr,ariana,1,1,1.0,98.0,1,310000.0
ariana,ariana,1,1,2.0,68.0,1,210000.0
Raoued,ariana,3,2,4.0,120.0,4,270000.0
Borj Louzir,ariana,3,1,3.0,143.0,3,265230.0
La Soukra,ariana,1,1,2.0,70.0,1,234500.0
El Menzah 1,ariana,1,1,1.0,30.0,1,150000.0
Cite Ennasr,ariana,3,2,4.0,142.0,6,275000.0
La Soukra,ariana,3,2,4.0,202.0,1,436750.0
Cite Ennasr,ariana,2,1,3.0,80.0,1,220000.0
Cite Ennasr,ariana,4,3,5.0,129.0,9,370000.0
Cite El Ghazela,ariana,3,2,4.0,140.0,1,360000.0
Cite El Ghazela,ariana,2,1,3.0,113.0,1,370000.0
Borj Louzir,ariana,2,1,3.0,85.0,4,140000.0
La Soukra,ariana,2,1,3.0,125.0,1,420000.0
La Soukra,ariana,3,2,4.0,103.0,5,450000.0
Cite Ennasr,ariana,2,1,3.0,111.0,3,300000.0
Raoued,ariana,4,1,5.0,145.0,2,235000.0
La Soukra,ariana,2,1,2.0,75.0,1,210000.0
El Menzah 1,ariana,3,2,4.0,157.0,1,365000.0
La Soukra,ariana,4,2,5.0,176.0,1,365000.0
Cite Ennasr,ariana,3,1,4.0,156.0,6,339000.0
El Menzah 1,ariana,4,2,5.0,167.4,1,530000.0
Cite Ennasr,ariana,3,2,4.0,187.0,1,400000.0
La Soukra,ariana,3,2,4.0,160.2,1,400000.0
La Soukra,ariana,2,1,5.0,90.0,1,120000.0
Cite Ennasr,ariana,3,1,5.0,151.0,4,290000.0
La Soukra,ariana,2,1,2.0,60.0,1,110000.0
Borj Louzir,ariana,2,1,5.0,85.0,1,138000.0
Cite Ennasr,ariana,2,1,3.0,138.0,1,250000.0
Cite Ennasr,ariana,2,1,3.0,75.0,1,185000.0
Cite Ennasr,ariana,2,2,4.0,120.0,1,319000.0
Cite Ennasr,ariana,2,2,5.0,120.0,1,319000.0
Cite El Ghazela,ariana,2,1,4.0,120.0,4,250000.0
Chotrana,ariana,2,1,3.0,80.0,1,140000.0
ariana,ariana,3,1,4.0,135.0,1,250000.0
La Soukra,ariana,3,3,4.0,149.0,1,410000.0
Cite Ennasr,ariana,3,2,4.0,142.2,3,330000.0
La Soukra,ariana,2,1,3.0,97.0,1,200000.0
La Soukra,ariana,3,2,3.0,300.0,1,130000.0
Cite El Ghazela,ariana,1,1,2.0,65.0,3,135000.0
El Menzah 1,ariana,2,1,3.0,92.0,1,225000.0
Cite Ennasr,ariana,1,1,2.0,70.0,1,170000.0
La Soukra,ariana,3,2,4.0,158.0,2,360000.0
El Menzah 1,ariana,1,1,2.0,58.0,1,200000.0
Cite Ennasr,ariana,2,2,4.0,120.0,1,319000.0
Cite Ennasr,ariana,4,2,5.0,232.0,1,590000.0
Cite El Ghazela,ariana,2,1,5.0,108.4,1,230000.0
Cite Ennasr,ariana,3,1,4.0,140.0,1,330000.0
ariana,ariana,4,2,5.0,140.0,1,340000.0
El Manar,ariana,3,1,4.0,86.4,1,125000.0
Chotrana,ariana,2,2,2.0,116.0,1,298000.0
Chotrana,ariana,4,2,6.0,300.0,1,1315800.0
Cite Ennasr,ariana,1,1,2.0,70.0,6,150000.0
El Menzah 1,ariana,2,1,3.0,100.0,3,258750.0
Cite El Ghazela,ariana,3,1,3.0,80.0,2,135000.0
Cite Ennasr,ariana,1,1,1.0,60.0,1,190000.0
El Menzah 1,ariana,1,1,2.0,70.0,1,155000.0
Cite Ennasr,ariana,3,3,4.0,174.0,3,476612.0
Chotrana,ariana,1,1,2.0,65.1,1,169260.0
Chotrana,ariana,3,3,4.0,145.0,1,354480.0
Cite El Ghazela,ariana,2,2,2.0,112.0,1,184000.0
La Soukra,ariana,1,1,1.0,78.0,1,220000.0
Chotrana,ariana,3,1,3.0,163.0,1,405000.0
La Soukra,ariana,3,2,6.0,118.1,1,279520.0
Chotrana,ariana,2,2,2.0,87.174,1,350000.0
Borj Louzir,ariana,5,3,5.0,103.0,1,215000.0
Raoued,ariana,2,1,3.0,112.0,1,185000.0
Raoued,ariana,2,1,2.0,85.0,1,320000.0
La Soukra,ariana,2,2,2.0,30.0,1,120000.0
Ettadhamen,ariana,3,1,4.0,121.0,1,140000.0
La Soukra,ariana,2,1,3.0,111.0,1,240000.0
La Soukra,ariana,2,2,6.0,123.0,2,255000.0
El Menzah 1,ariana,2,1,3.0,85.0,1,300000.0
La Soukra,ariana,3,1,3.0,90.0,1,270000.0
Cite Ennasr,ariana,4,1,4.0,167.0,1,452000.0
Chotrana,ariana,3,2,4.0,137.2,1,395000.0
El Menzah 1,ariana,3,1,4.0,120.0,3,240000.0
Borj Louzir,ariana,3,1,4.0,75.0,3,100000.0
Cite El Ghazela,ariana,3,1,4.0,145.0,6,200000.0
Cite Ennasr,ariana,2,1,3.0,118.0,3,310000.0
Raoued,ariana,2,1,3.0,80.0,1,126000.0
Raoued,ariana,4,1,4.0,111.0,1,150000.0
Borj Louzir,ariana,3,1,3.0,120.0,1,170000.0
Borj Louzir,ariana,4,1,5.0,143.0,2,215000.0
Cite Ennasr,ariana,2,2,3.0,126.0,1,300000.0
La Soukra,ariana,2,2,3.0,131.0,2,360000.0
ariana,ariana,2,1,3.0,102.0,4,220000.0
Cite Ennasr,ariana,2,1,3.0,85.0,1,260000.0
Kalaât El Andalous,ariana,3,2,6.0,110.0,4,325000.0
Cite Ennasr,ariana,1,1,2.0,50.0,1,140000.0
La Soukra,ariana,3,3,4.0,152.0,1,440000.0
Cite Ennasr,ariana,2,2,4.0,120.0,1,319000.0
El Menzah 1,ariana,1,1,1.0,70.0,1,175000.0
Raoued,ariana,4,2,5.0,112.0,2,249000.0
ariana,ariana,3,2,4.0,83.0,3,215000.0
Raoued,ariana,3,2,4.0,96.0,2,165000.0
Cite Ennasr,ariana,3,3,3.0,162.0,3,420000.0
La Soukra,ariana,3,1,4.0,135.0,1,380000.0
Cite Ennasr,ariana,1,1,2.0,75.0,1,145000.0
La Soukra,ariana,2,1,2.0,98.0,1,190000.0
La Soukra,ariana,3,2,3.0,105.0,1,300000.0
Borj Louzir,ariana,3,2,4.0,125.0,2,185000.0
Cite Ennasr,ariana,2,1,3.0,120.0,1,220000.0
El Menzah 1,ariana,2,1,3.0,90.0,1,155000.0
El Menzah 1,ariana,2,1,3.0,120.0,1,270000.0
El Menzah 1,ariana,2,1,3.0,115.0,1,275000.0
El Menzah 1,ariana,3,1,4.0,139.0,1,329000.0
Cite Ennasr,ariana,2,1,3.0,75.0,1,155000.0
Cite Ennasr,ariana,3,1,3.0,130.0,1,280000.0
La Soukra,ariana,4,1,4.0,151.0,1,310000.0
La Soukra,ariana,2,2,3.0,117.0,1,250000.0
Cite Ennasr,ariana,2,1,3.0,70.0,1,235000.0
Cite Ennasr,ariana,2,1,3.0,90.0,1,250000.0
Cite Ennasr,ariana,2,1,3.0,100.0,1,230000.0
ariana,ariana,1,1,2.0,68.0,5,175000.0
Cite Ennasr,ariana,3,2,5.0,156.0,2,350000.0
Cite Ennasr,ariana,2,2,3.0,100.0,4,270000.0
El Menzah 1,ariana,3,2,5.0,135.0,1,350000.0
Cite Ennasr,ariana,1,1,3.0,65.0,1,290000.0
Cite Ennasr,ariana,2,1,4.0,125.0,1,310000.0
Cite Ennasr,ariana,2,2,4.0,120.0,1,319000.0
Cite Ennasr,ariana,1,1,3.0,65.0,1,175000.0
Cite Ennasr,ariana,2,2,5.0,125.0,1,310000.0
Chotrana,ariana,4,1,4.0,98.0,1,138000.0
Cite Ennasr,ariana,2,1,3.0,105.0,1,290000.0
ariana,ariana,3,1,4.0,115.0,1,310000.0
Cite Ennasr,ariana,2,2,4.0,115.0,1,310000.0
La Soukra,ariana,4,1,4.0,104.4,1,155000.0
La Soukra,ariana,2,1,5.0,115.0,1,100000.0
Cite Ennasr,ariana,2,1,3.0,100.0,1,230000.0
Cite Ennasr,ariana,2,1,3.0,100.0,1,235000.0
Cite Ennasr,ariana,2,1,3.0,70.0,1,235000.0
La Soukra,ariana,1,1,2.0,80.0,1,215000.0
La Soukra,ariana,1,1,3.0,70.0,1,175000.0
Cite Ennasr,ariana,3,1,5.0,157.0,2,380000.0
El Menzah 1,ariana,1,1,2.0,60.0,1,210000.0
El Menzah 1,ariana,2,1,3.0,120.0,1,270000.0
El Menzah 1,ariana,2,1,3.0,100.0,1,220000.0
Cite Ennasr,ariana,3,2,5.0,148.0,1,399000.0
El Menzah 1,ariana,4,3,7.0,190.0,2,585000.0
Cite Ennasr,ariana,2,2,5.0,120.0,1,319000.0
Cite Ennasr,ariana,3,2,5.0,148.0,1,399000.0
La Soukra,ariana,1,1,2.0,60.0,1,200000.0
Cite Ennasr,ariana,2,2,5.0,120.0,1,319000.0
Cite Ennasr,ariana,1,1,2.0,58.0,1,100000.0
Cite Ennasr,ariana,3,2,5.0,120.0,1,319000.0
Cite El Ghazela,ariana,3,2,4.0,152.0,4,265000.0
ariana,ariana,2,1,2.0,81.0,1,129000.0
Cite Ennasr,ariana,2,1,3.0,140.0,1,380000.0
La Soukra,ariana,3,2,6.0,155.0,1,325000.0
La Soukra,ariana,3,2,4.0,143.0,1,340000.0
La Soukra,ariana,3,1,4.0,119.0,1,520000.0
Cite El Ghazela,ariana,2,1,5.0,283.0,1,283000.0
Cite Ennasr,ariana,4,2,6.0,214.0,1,504000.0
La Soukra,ariana,1,1,1.0,40.0,1,100000.0
La Soukra,ariana,3,1,5.0,152.0,1,460000.0
La Soukra,ariana,2,1,5.0,83.91,1,205000.0
ariana,ariana,4,1,5.0,150.0,2,330000.0
Cite Ennasr,ariana,2,2,7.0,179.0,1,504000.0
El Menzah 1,ariana,1,1,2.0,70.0,2,100000.0
La Soukra,ariana,2,1,3.0,100.0,1,268000.0
La Soukra,ariana,3,2,4.0,135.0,1,350000.0
Cite El Ghazela,ariana,2,1,3.0,78.0,2,130000.0
La Soukra,ariana,3,1,4.0,135.0,1,310000.0
La Soukra,ariana,2,1,2.0,50.0,1,100000.0
Cite Ennasr,ariana,3,2,5.0,203.0,1,600000.0
Borj Louzir,ariana,3,1,4.0,90.0,1,165000.0
Cite Ennasr,ariana,2,2,5.0,115.0,1,285000.0
El Menzah 1,ariana,2,1,3.0,139.0,6,320000.0
La Soukra,ariana,2,1,3.0,75.0,2,120000.0
Cite Ennasr,ariana,1,1,3.0,65.0,1,175000.0
ariana,ariana,4,2,5.0,155.0,4,500000.0
Cite Ennasr,ariana,1,1,2.0,64.0,1,175000.0
Cite Ennasr,ariana,3,2,5.0,148.0,1,399000.0
Cite Ennasr,ariana,3,2,4.0,134.0,1,348000.0
Cite Ennasr,ariana,1,1,1.0,80.0,6,150000.0
Cite Ennasr,ariana,1,1,1.0,53.0,1,148000.0
La Soukra,ariana,3,2,4.0,165.0,2,520000.0
La Soukra,ariana,3,3,4.0,178.0,2,400000.0
El Menzah 1,ariana,5,3,6.0,250.0,4,490000.0
Cite El Ghazela,ariana,3,3,4.0,274.0,5,380000.0
La Soukra,ariana,1,1,2.0,73.0,2,210000.0
La Soukra,ariana,2,1,3.0,104.0,2,225000.0
Chotrana,ariana,3,3,3.0,272.0,2,396000.0
Chotrana,ariana,3,3,3.0,170.0,2,455000.0
La Soukra,ariana,2,2,3.0,91.8,1,140000.0
Cite El Ghazela,ariana,3,2,4.0,110.0,1,100000.0
Chotrana,ariana,2,2,2.0,107.0,2,298000.0
Cite Ennasr,ariana,2,1,3.0,120.0,3,245000.0
Cite El Ghazela,ariana,5,2,6.0,195.0,6,350000.0
El Menzah 1,ariana,2,1,2.0,73.0,3,210000.0
El Menzah 1,ariana,3,2,5.0,120.0,10,280000.0
ariana,ariana,3,1,4.0,109.0,1,140000.0
La Soukra,ariana,1,1,2.0,95.0,1,250000.0
ariana,ariana,3,1,4.0,112.0,1,230000.0
ariana,ariana,3,1,4.0,110.0,1,155000.0
Cite El Ghazela,ariana,2,1,3.0,95.0,1,180000.0
La Soukra,ariana,3,3,4.0,156.0,2,350000.0
Raoued,ariana,3,1,4.0,100.0,1,120000.0
Cite El Ghazela,ariana,1,1,2.0,30.0,6,100000.0
El Manar,ariana,2,1,2.0,38.0,1,100000.0
El Menzah 1,ariana,2,1,3.0,70.0,5,160000.0
ariana,ariana,3,1,4.0,120.0,3,120000.0
ariana,ariana,3,1,4.0,130.0,1,153000.0
ariana,ariana,2,1,3.0,65.0,1,100000.0
ariana,ariana,3,1,4.0,97.0,1,135000.0
ariana,ariana,3,1,4.0,95.0,1,140000.0
ariana,ariana,3,1,4.0,97.0,1,145000.0
ariana,ariana,3,1,4.0,75.0,1,130000.0
ariana,ariana,3,1,4.0,95.0,1,180000.0
ariana,ariana,3,1,4.0,100.0,1,160000.0
ariana,ariana,3,1,4.0,100.0,1,165000.0
ariana,ariana,3,1,4.0,94.0,1,160000.0
ariana,ariana,3,1,4.0,100.0,1,160000.0
ariana,ariana,3,1,4.0,147.0,1,235000.0
La Soukra,ariana,5,1,5.0,130.0,2,250000.0
El Menzah 1,ariana,3,2,5.0,103.0,5,210000.0
ariana,ariana,2,1,2.0,119.0,2,309000.0
Cite Ennasr,ariana,3,1,4.0,133.0,2,270000.0
El Manar,ariana,3,2,4.0,110.0,1,235000.0
El Menzah 1,ariana,3,3,4.0,153.0,7,230000.0
Borj Louzir,ariana,3,2,6.0,70.0,2,100000.0
El Menzah 1,ariana,5,2,6.0,205.0,5,385000.0
Cite El Ghazela,ariana,2,2,3.0,110.0,1,190000.0
La Soukra,ariana,2,2,3.0,130.0,1,260000.0
El Menzah 1,ariana,4,1,6.0,111.0,3,390000.0
Cite Ennasr,ariana,4,2,5.0,163.0,7,360000.0
El Menzah 1,ariana,2,1,5.0,100.0,1,100000.0
El Manar,ariana,3,2,4.0,127.0,2,105000.0
El Menzah 1,ariana,4,3,7.0,190.0,2,650000.0
ariana,ariana,3,1,4.0,75.0,1,130000.0
Borj Louzir,ariana,3,1,4.0,100.0,1,165000.0
ariana,ariana,2,1,3.0,75.0,1,120000.0
Cite Ennasr,ariana,3,1,4.0,137.0,1,350000.0
Borj Louzir,ariana,3,1,4.0,100.0,1,160000.0
ariana,ariana,2,1,3.0,65.0,1,100000.0
Cite Ennasr,ariana,3,1,4.0,170.0,1,305000.0
ariana,ariana,2,1,3.0,65.0,1,100000.0
Borj Louzir,ariana,3,1,4.0,94.0,1,160000.0
ariana,ariana,3,1,4.0,97.0,1,135000.0
La Soukra,ariana,3,1,4.0,132.0,1,471240.0
ariana,ariana,3,1,4.0,110.0,1,155000.0
Cite El Ghazela,ariana,2,1,3.0,95.0,1,180000.0
Cite El Ghazela,ariana,3,1,4.0,100.0,1,160000.0
ariana,ariana,3,1,4.0,88.0,1,250000.0
La Soukra,ariana,2,1,3.0,112.0,1,235000.0
ariana,ariana,2,1,3.0,106.0,1,255000.0
Cite El Ghazela,ariana,3,1,3.0,145.0,1,225000.0
La Soukra,ariana,2,1,3.0,132.0,1,330000.0
La Soukra,ariana,3,1,4.0,163.0,1,276000.0
ariana,ariana,3,1,4.0,75.0,1,130000.0
La Soukra,ariana,2,1,3.0,120.0,1,250000.0
ariana,ariana,3,1,4.0,159.0,1,230000.0
La Soukra,ariana,2,1,3.0,109.0,1,140000.0
ariana,ariana,2,1,2.0,71.0,1,176000.0
ariana,ariana,2,1,3.0,109.0,1,140000.0
Cite El Ghazela,ariana,2,1,3.0,95.0,1,180000.0
ariana,ariana,3,1,4.0,159.0,1,230000.0
Cite El Ghazela,ariana,3,1,4.0,145.0,1,225000.0
ariana,ariana,3,1,4.0,97.0,1,135000.0
Borj Louzir,ariana,2,1,3.0,70.0,4,100000.0
Borj Louzir,ariana,2,1,5.0,120.8,1,100000.0
Borj Louzir,ariana,3,1,4.0,100.0,1,170000.0
Raoued,ariana,3,1,4.0,90.0,1,120000.0
La Soukra,ariana,3,1,7.0,157.0,1,400000.0
El Menzah 1,ariana,3,1,5.0,100.0,1,215000.0
La Soukra,ariana,2,1,2.0,66.5,1,185000.0
Cite Ennasr,ariana,3,1,4.0,131.0,1,275000.0
La Soukra,ariana,3,1,3.0,120.0,2,240000.0
ariana,ariana,3,1,6.0,130.0,1,260000.0
ariana,ariana,4,1,6.0,120.0,1,170000.0
Cite Ennasr,ariana,5,3,6.0,180.0,1,550000.0
Raoued,ariana,2,1,3.0,111.0,2,137900.0
ariana,ariana,4,1,6.0,145.0,3,220000.0
Cite Ennasr,ariana,5,2,6.0,207.0,1,800000.0
Cite Ennasr,ariana,4,1,5.0,253.0,1,240000.0
Cite El Ghazela,ariana,3,1,4.0,164.0,1,230000.0
Cite El Ghazela,ariana,3,2,4.0,127.0,1,200000.0
La Soukra,ariana,2,1,3.0,77.0,1,186000.0
Chotrana,ariana,3,1,4.0,156.0,1,377000.0
La Soukra,ariana,2,1,3.0,70.0,1,115500.0
La Soukra,ariana,3,1,4.0,170.0,1,320000.0
ariana,ariana,3,1,4.0,170.0,1,320000.0
La Soukra,ariana,3,1,4.0,165.0,1,360000.0
ariana,ariana,2,1,3.0,65.0,1,100000.0
La Soukra,ariana,2,1,3.0,100.0,1,215000.0
La Soukra,ariana,2,1,3.0,77.0,1,195000.0
El Menzah 1,ariana,3,2,4.0,152.0,1,340000.0
Cite Ennasr,ariana,1,1,1.0,59.98,4,140000.0
Cite Ennasr,ariana,4,2,7.0,198.0,1,430000.0
Cite Ennasr,ariana,4,2,7.0,225.0,5,517000.0
ariana,ariana,3,1,3.0,115.0,3,139000.0
Cite Ennasr,ariana,2,2,3.0,126.0,7,345000.0
ariana,ariana,2,1,3.0,105.0,1,269000.0
Cite El Ghazela,ariana,2,1,3.0,90.0,1,140000.0
ariana,ariana,3,1,6.0,130.0,1,260000.0
Borj Louzir,ariana,3,1,4.0,100.0,5,170000.0
La Soukra,ariana,2,1,3.0,85.0,1,120000.0
El Menzah 1,ariana,2,1,3.0,100.0,1,220000.0
Cite Ennasr,ariana,3,1,5.0,137.0,7,300000.0
Cite Ennasr,ariana,2,1,3.0,103.0,3,268000.0
La Soukra,ariana,3,2,3.0,126.0,3,315000.0
Borj Louzir,ariana,3,1,4.0,135.0,1,290000.0
ariana,ariana,3,2,4.0,110.0,1,290000.0
Cite Ennasr,ariana,4,2,5.0,165.0,1,485000.0
Borj Louzir,ariana,2,1,3.0,70.0,4,100000.0
La Soukra,ariana,1,1,1.0,62.0,1,140000.0
La Soukra,ariana,3,2,3.0,120.0,1,270000.0
Chotrana,ariana,6,3,6.0,75.0,1,220000.0
Borj Louzir,ariana,2,1,3.0,87.0,2,124000.0
La Soukra,ariana,3,1,4.0,149.0,2,283000.0
La Soukra,ariana,2,2,2.0,54.0,1,430000.0
La Soukra,ariana,6,3,6.0,60.0,1,140000.0
La Soukra,ariana,2,1,2.0,93.0,2,270000.0
La Soukra,ariana,1,1,1.0,70.0,1,105000.0
La Soukra,ariana,3,1,6.0,125.0,1,250000.0
La Soukra,ariana,3,2,3.0,156.2,1,377000.0
ariana,ariana,3,1,3.0,130.0,1,180000.0
Borj Louzir,ariana,3,1,4.0,120.0,1,110000.0
El Menzah 1,ariana,2,1,6.0,73.0,1,240000.0
ariana,ariana,2,1,6.0,115.0,4,230000.0
La Soukra,ariana,4,1,4.0,164.0,3,485000.0
La Soukra,ariana,3,1,3.0,100.0,2,165000.0
La Soukra,ariana,3,1,3.0,151.0,3,360000.0
La Soukra,ariana,3,1,3.0,140.0,2,280000.0
La Soukra,ariana,2,1,2.0,62.0,3,102000.0
La Soukra,ariana,4,1,4.0,145.0,3,348000.0
Cite Ennasr,ariana,4,1,4.0,160.0,3,385000.0
La Soukra,ariana,2,1,2.0,100.0,2,132000.0
Cite Ennasr,ariana,3,1,3.0,126.0,2,360000.0
El Menzah 1,ariana,4,1,4.0,161.0,3,330000.0
Cite Ennasr,ariana,3,1,3.0,131.0,2,370000.0
Cite Ennasr,ariana,2,1,2.0,52.0,2,148000.0
Borj Louzir,ariana,2,1,4.0,98.2,1,130000.0
El Menzah 1,ariana,3,1,3.0,90.0,1,430000.0
ariana,ariana,4,2,5.0,120.0,1,450000.0
El Menzah 1,ariana,1,1,2.0,67.0,1,135000.0
ariana,ariana,4,1,4.0,90.0,2,225000.0
Borj Louzir,ariana,3,1,4.0,145.0,1,100000.0
Raoued,ariana,2,1,3.0,70.0,2,130000.0
La Soukra,ariana,2,1,2.0,76.0,1,245000.0
El Menzah 1,ariana,2,1,3.0,90.0,1,170000.0
La Soukra,ariana,3,1,4.0,180.0,2,260000.0
La Soukra,ariana,2,1,2.0,70.0,1,210000.0
ariana,ariana,3,1,6.0,117.0,3,285000.0
El Manar,ariana,2,1,4.0,100.0,1,155000.0
La Soukra,ariana,3,2,4.0,119.0,2,180000.0
El Manar,ariana,2,1,3.0,95.0,2,170000.0
La Soukra,ariana,6,2,8.0,300.0,1,2500000.0
ariana,ariana,3,1,4.0,156.0,1,290000.0
Raoued,ariana,3,1,4.0,111.0,1,210000.0
ariana,ariana,3,1,6.0,120.0,4,125000.0
Borj Louzir,ariana,3,1,4.0,90.0,1,160000.0
Raoued,ariana,3,1,3.0,113.0,3,130000.0
Cite Ennasr,ariana,5,3,8.0,275.0,1,596000.0
El Menzah 1,ariana,3,2,4.0,132.6,2,300000.0
Cite Ennasr,ariana,5,3,8.0,275.0,2,620000.0
El Manar,ariana,4,2,5.0,150.0,2,100000.0
ariana,ariana,2,1,3.0,99.4,1,180000.0
Borj Louzir,ariana,4,1,5.0,110.0,1,145000.0
Cite Ennasr,ariana,4,2,6.0,160.0,1,365000.0
La Soukra,ariana,2,1,4.0,82.0,4,125000.0
Cite Ennasr,ariana,3,2,4.0,175.0,1,330000.0
Borj Louzir,ariana,3,2,4.0,140.0,2,270000.0
La Soukra,ariana,2,1,3.0,108.0,1,268000.0
Cite El Ghazela,ariana,3,1,4.0,91.0,1,110000.0
La Soukra,ariana,3,2,4.0,150.0,1,367000.0
El Menzah 1,ariana,4,3,6.0,200.0,1,450000.0
La Soukra,ariana,2,1,3.0,145.0,1,330000.0
La Soukra,ariana,2,1,3.0,91.0,1,230000.0
ariana,ariana,2,1,2.0,70.0,1,100000.0
Raoued,ariana,2,1,3.0,109.6,1,300000.0
La Soukra,ariana,3,2,4.0,125.0,1,280000.0
La Soukra,ariana,3,2,4.0,135.0,2,270000.0
Borj Louzir,ariana,3,1,4.0,110.0,2,195000.0
Cite Ennasr,ariana,3,2,4.0,140.0,6,295000.0
Ettadhamen,ariana,2,1,3.0,86.0,2,100000.0
Raoued,ariana,1,1,2.0,75.0,6,261188.0
Cite Ennasr,ariana,2,2,6.0,129.0,7,370000.0
Cite Ennasr,ariana,3,3,6.0,179.0,7,472000.0
Borj Louzir,ariana,3,2,4.0,135.0,2,270000.0
La Soukra,ariana,3,1,4.0,110.0,1,270000.0
Cite Ennasr,ariana,4,3,6.0,203.75,7,619000.0
El Menzah 1,ariana,2,1,3.0,190.0,1,350000.0
Borj Louzir,ariana,3,1,3.0,88.0,3,105000.0
Raoued,ariana,4,1,4.0,186.2,6,657497.0
El Menzah 1,ariana,3,1,4.0,122.4,2,300000.0
ariana,ariana,3,1,3.0,90.0,1,205000.0
Kalaât El Andalous,ariana,2,1,3.0,100.0,1,190000.0
El Menzah 1,ariana,3,1,4.0,120.0,4,160000.0
Cite El Ghazela,ariana,4,1,4.0,149.0,1,255000.0
La Soukra,ariana,3,1,4.0,110.0,1,275000.0
Cite Ennasr,ariana,3,1,4.0,130.0,1,270000.0
La Soukra,ariana,1,1,2.0,67.0,1,220000.0
La Soukra,ariana,3,2,4.0,134.0,1,213000.0
Borj Louzir,ariana,2,1,3.0,60.0,1,100000.0
Raoued,ariana,3,1,3.0,75.0,1,100000.0
Cite El Ghazela,ariana,2,1,4.0,91.0,2,110000.0
Borj Louzir,ariana,3,1,5.0,76.0,3,100000.0
Borj Louzir,ariana,3,1,4.0,75.0,1,125000.0
Borj Louzir,ariana,2,2,3.0,100.0,1,200000.0
Cite Ennasr,ariana,3,1,4.0,173.0,1,300000.0
Borj Louzir,ariana,3,1,4.0,75.0,1,125000.0
Borj Louzir,ariana,3,2,4.0,135.0,2,270000.0
ariana,ariana,3,1,4.0,120.0,1,550000.0
La Soukra,ariana,2,1,3.0,106.0,1,208000.0
La Soukra,ariana,2,1,2.0,121.0,2,316000.0
El Menzah 1,ariana,2,1,3.0,110.0,1,210000.0
Borj Louzir,ariana,3,2,4.0,135.0,2,270000.0
ariana,ariana,1,1,2.0,65.0,1,130000.0
ariana,ariana,2,1,3.0,80.0,1,100000.0
Raoued,ariana,3,1,4.0,100.0,1,125000.0
La Soukra,ariana,2,1,2.0,75.0,1,105000.0
Cite Ennasr,ariana,1,1,2.0,60.0,2,190000.0
Cite Ennasr,ariana,3,2,4.0,165.0,1,340000.0
Cite Ennasr,ariana,2,1,2.0,68.0,2,100000.0
Cite El Ghazela,ariana,2,1,3.0,86.0,1,130000.0
Cite Ennasr,ariana,4,2,7.0,300.0,1,850000.0
ariana,ariana,4,2,7.0,300.0,4,850000.0
La Soukra,ariana,2,1,3.0,76.0,1,170000.0
ariana,ariana,2,1,3.0,80.0,1,100000.0
Cite El Ghazela,ariana,3,1,4.0,136.0,1,183000.0
La Soukra,ariana,2,1,2.0,63.0,1,165000.0
Borj Louzir,ariana,2,1,2.0,78.0,4,100000.0
Raoued,ariana,2,1,3.0,111.0,2,135521.0
La Soukra,ariana,3,2,4.0,200.0,4,450000.0
ariana,ariana,2,1,3.0,104.0,1,148000.0
Chotrana,ariana,3,3,4.0,230.0,2,520000.0
El Manar,ariana,2,2,3.0,113.0,1,298000.0
La Soukra,ariana,3,2,4.0,125.0,1,400000.0
El Menzah 1,ariana,3,2,5.0,197.0,3,445000.0
Raoued,ariana,2,1,3.0,73.0,1,102000.0
El Menzah 1,ariana,4,1,4.0,100.0,3,165000.0
ariana,ariana,3,1,3.0,135.0,1,1300000.0
ariana,tunis,3,1,4.0,178.0,1,1250000.0
ariana,tunis,2,1,3.0,139.0,1,584000.0
Cite El Khadra,tunis,3,1,4.0,160.0,2,304000.0
Cité Olympique,tunis,3,2,4.0,120.0,4,315000.0
ariana,tunis,2,1,2.0,116.0,5,285000.0
ariana,tunis,2,1,2.0,196.0,1,1300000.0
ben-arous,tunis,2,1,3.0,70.0,1,170000.0
Aïn Zaghouan,tunis,3,2,4.0,173.0,3,700000.0
El Ouardia,tunis,3,1,3.0,75.0,3,100000.0
Centre Urbain Nord,tunis,4,2,4.0,104.0,1,432000.0
El Ouardia,tunis,3,1,3.0,109.0,1,155000.0
ariana,tunis,1,1,2.0,65.0,1,105000.0
Aïn Zaghouan,tunis,2,1,3.0,200.0,1,500000.0
Aouina,tunis,2,1,3.0,71.0,1,185000.0
Aouina,tunis,3,1,4.0,138.0,1,290000.0
ariana,tunis,2,1,3.0,90.0,1,385000.0
Aouina,tunis,2,1,3.0,121.0,3,300000.0
ariana,tunis,3,2,4.0,215.0,5,740000.0
ariana,tunis,3,2,4.0,203.8,1,680000.0
ariana,tunis,4,2,5.0,256.0,3,895000.0
Cite El Khadra,tunis,2,1,3.0,85.0,3,150000.0
Aouina,tunis,2,1,3.0,110.0,3,317000.0
ariana,tunis,2,1,3.0,90.0,1,810000.0
ariana,tunis,3,2,4.0,140.0,2,374000.0
Sidi El Bechir,tunis,3,1,3.0,90.0,3,200000.0
ariana,tunis,2,2,3.0,268.0,1,1350000.0
Sidi El Bechir,tunis,2,2,3.0,202.0,1,280000.0
ariana,tunis,2,1,3.0,60.0,2,395000.0
ariana,tunis,3,1,4.0,156.0,1,690000.0
Cité Olympique,tunis,3,2,4.0,116.0,3,420000.0
Aouina,tunis,4,2,5.0,190.0,6,480000.0
ariana,tunis,3,2,4.0,153.0,1,650000.0
Aouina,tunis,1,1,2.0,58.0,2,170000.0
Aouina,tunis,1,1,2.0,58.0,1,172000.0
Aïn Zaghouan,tunis,1,1,1.0,49.0,1,220000.0
Aouina,tunis,1,1,1.0,60.0,1,180000.0
Aïn Zaghouan,tunis,1,1,2.0,68.0,1,339000.0
Les Berges Du Lac,tunis,3,4,5.0,289.0,1,1540000.0
ariana,tunis,2,1,2.0,90.0,2,190000.0
ben-arous,tunis,3,1,4.0,140.0,1,240000.0
Les Berges Du Lac,tunis,2,1,3.0,95.0,2,490000.0
Sidi El Bechir,tunis,5,2,6.0,125.0,3,250000.0
ariana,tunis,2,1,3.0,125.0,1,185000.0
Mutuelleville,tunis,4,1,4.0,110.0,1,370000.0
ariana,tunis,2,2,3.0,150.0,1,310000.0
El Ouardia,tunis,3,1,4.0,180.0,1,170000.0
ariana,tunis,3,1,4.0,158.0,1,560000.0
ben-arous,tunis,3,1,4.0,74.0,4,270000.0
Aïn Zaghouan,tunis,3,3,4.0,160.0,2,470000.0
ariana,tunis,1,1,2.0,100.0,1,310000.0
Aïn Zaghouan,tunis,1,1,2.0,78.0,1,240000.0
ariana,tunis,3,2,4.0,165.0,1,450000.0
Le Bardo,tunis,2,1,3.0,84.0,1,220000.0
ariana,tunis,3,2,4.0,186.0,1,850000.0
ariana,tunis,2,1,3.0,100.0,1,420000.0
ariana,tunis,2,2,3.0,136.0,1,550000.0
Aïn Zaghouan,tunis,1,1,2.0,83.0,1,375000.0
Les Berges Du Lac,tunis,2,2,3.0,130.0,1,420000.0
Aouina,tunis,1,1,2.0,120.0,2,170000.0
ariana,tunis,3,1,4.0,30.0,1,580000.0
Le Bardo,tunis,2,1,3.0,90.0,1,250000.0
Cite El Khadra,tunis,2,1,3.0,65.0,3,135000.0
ariana,tunis,1,1,2.0,56.0,1,400000.0
Aïn Zaghouan,tunis,2,2,3.0,123.0,1,255000.0
Aouina,tunis,2,1,4.0,121.0,1,285000.0
Aïn Zaghouan,tunis,1,2,2.0,63.0,2,201700.0
Aïn Zaghouan,tunis,2,1,3.0,110.0,1,210000.0
Sidi Daoud,tunis,2,1,3.0,110.0,3,390000.0
Sidi El Bechir,tunis,2,1,3.0,80.0,1,250000.0
ariana,tunis,3,3,8.0,215.0,9,100000.0
ariana,tunis,3,4,4.0,300.0,1,1600000.0
ben-arous,tunis,4,2,5.0,168.0,1,320000.0
ariana,tunis,2,2,3.0,134.0,7,550000.0
Les Berges Du Lac,tunis,3,1,4.0,120.0,3,500000.0
Cite El Khadra,tunis,1,1,2.0,59.0,3,170000.0
ariana,tunis,3,1,4.0,105.0,1,400000.0
Aouina,tunis,3,1,5.0,113.0,5,300000.0
ariana,tunis,3,1,4.0,177.0,1,790000.0
Aïn Zaghouan,tunis,3,1,4.0,153.0,1,550000.0
ariana,tunis,2,1,3.0,117.0,4,280000.0
Le Bardo,tunis,3,1,3.0,60.0,4,140000.0
ariana,tunis,3,1,4.0,243.0,2,875000.0
Aouina,tunis,1,1,2.0,74.0,1,185000.0
Cite El Khadra,tunis,4,2,4.0,300.0,7,480000.0
Sidi El Bechir,tunis,3,1,4.0,80.0,1,115000.0
Sidi Daoud,tunis,1,1,2.0,82.0,1,270000.0
ariana,tunis,3,3,4.0,170.0,3,650000.0
Aouina,tunis,2,1,2.0,106.0,5,295000.0
Aïn Zaghouan,tunis,3,1,4.0,157.0,3,520000.0
ariana,tunis,3,1,4.0,127.0,10,470000.0
Aïn Zaghouan,tunis,3,1,4.0,112.8,1,270000.0
Aouina,tunis,2,2,3.0,108.0,1,270000.0
Ezzouhour,tunis,3,1,4.0,93.6,4,100000.0
Aouina,tunis,1,1,2.0,56.0,4,150000.0
ben-arous,tunis,2,1,3.0,100.0,4,265000.0
ariana,tunis,3,1,3.0,203.0,2,350000.0
Aouina,tunis,2,1,3.0,118.4,6,245000.0
Aouina,tunis,1,1,2.0,70.0,1,209000.0
ariana,tunis,3,1,3.0,150.0,2,415000.0
Sidi Daoud,tunis,1,1,2.0,65.0,4,270000.0
Aouina,tunis,2,1,3.0,78.0,4,215000.0
ariana,tunis,3,1,4.0,160.0,2,832000.0
ariana,tunis,2,1,3.0,104.0,1,560000.0
Aouina,tunis,3,2,2.0,200.0,2,500000.0
Aïn Zaghouan,tunis,2,1,3.0,166.0,3,650000.0
El Omrane,tunis,3,1,3.0,80.0,3,150000.0
El Ouardia,tunis,3,2,4.0,111.0,1,170000.0
La Goulette,tunis,1,1,2.0,53.0,1,220000.0
ariana,tunis,1,1,2.0,90.0,1,200000.0
ben-arous,tunis,2,1,3.0,94.0,4,240000.0
La Goulette,tunis,3,3,4.0,178.0,3,720000.0
Aouina,tunis,2,1,3.0,108.0,6,250000.0
Aouina,tunis,2,1,3.0,109.0,5,240000.0
ariana,tunis,3,2,4.0,123.0,2,350000.0
Ettahrir,tunis,3,1,3.0,75.0,4,130000.0
ariana,tunis,2,1,3.0,115.0,1,250000.0
Aouina,tunis,1,1,2.0,62.0,1,180000.0
Aouina,tunis,2,2,3.0,90.0,1,255000.0
Aouina,tunis,2,1,3.0,100.0,2,273000.0
Cite El Khadra,tunis,3,1,4.0,110.0,1,290000.0
Aïn Zaghouan,tunis,2,1,3.0,124.0,1,600000.0
Aouina,tunis,1,1,2.0,57.0,1,170000.0
ben-arous,tunis,2,1,3.0,112.0,2,250000.0
ariana,tunis,2,1,3.0,120.0,1,590000.0
Aouina,tunis,2,2,3.0,120.0,1,318000.0
ariana,tunis,3,2,4.0,162.0,1,825000.0
Aouina,tunis,1,1,2.0,60.0,1,170000.0
Aïn Zaghouan,tunis,1,1,2.0,57.2,4,150000.0
Aouina,tunis,3,3,4.0,190.0,1,450000.0
ben-arous,tunis,2,1,3.0,112.0,2,250000.0
Aouina,tunis,1,1,1.0,65.0,1,200000.0
Aouina,tunis,1,1,2.0,73.0,4,230000.0
ariana,tunis,2,1,3.0,134.0,3,500000.0
ariana,tunis,2,1,3.0,85.0,1,210000.0
Mutuelleville,tunis,1,1,1.0,55.8,1,100000.0
El Ouardia,tunis,3,2,7.0,150.0,1,270000.0
Aïn Zaghouan,tunis,2,1,3.0,190.0,8,750000.0
Aïn Zaghouan,tunis,3,2,4.0,160.0,1,460000.0
El Omrane,tunis,3,1,3.0,80.0,1,200000.0
ariana,tunis,2,2,3.0,121.0,7,290000.0
Aïn Zaghouan,tunis,3,1,4.0,153.0,1,518000.0
Mutuelleville,tunis,6,4,7.0,300.0,1,1850000.0
Les Berges Du Lac,tunis,3,1,4.0,175.0,2,820000.0
ben-arous,tunis,5,2,6.0,128.0,4,230000.0
Aïn Zaghouan,tunis,3,1,4.0,164.0,1,500000.0
Aouina,tunis,3,1,4.0,140.0,2,410000.0
Gammarth,tunis,3,1,4.0,166.0,1,400000.0
Aouina,tunis,3,1,4.0,140.0,4,280000.0
Aouina,tunis,1,1,2.0,105.0,1,285000.0
Sidi El Bechir,tunis,2,2,3.0,100.0,1,170000.0
Aouina,tunis,2,1,3.0,90.0,1,290000.0
Aïn Zaghouan,tunis,2,1,3.0,100.0,1,150000.0
Gammarth,tunis,2,1,3.0,136.0,2,327000.0
ariana,tunis,2,1,3.0,100.0,2,400000.0
ariana,tunis,2,1,2.0,300.0,1,890000.0
ariana,tunis,2,1,3.0,45.0,2,370000.0
El Ouardia,tunis,3,1,3.0,80.0,1,106000.0
ariana,tunis,2,1,3.0,160.0,1,560000.0
ariana,tunis,1,1,1.0,60.0,1,100000.0
ariana,tunis,1,1,2.0,72.0,1,390000.0
ariana,tunis,2,1,3.0,115.0,3,650000.0
ariana,tunis,3,1,4.0,200.0,2,950000.0
ariana,tunis,2,1,3.0,180.0,-1,350000.0
ariana,tunis,1,1,2.0,81.0,1,258000.0
ariana,tunis,2,1,3.0,120.0,1,237000.0
Aïn Zaghouan,tunis,3,1,4.0,110.0,7,270000.0
Aouina,tunis,2,1,3.0,106.0,7,130000.0
Les Berges Du Lac,tunis,3,1,5.0,125.0,3,350000.0
Aouina,tunis,2,1,3.0,87.12,4,235000.0
ariana,tunis,1,1,1.0,83.0,1,291550.0
Aouina,tunis,2,1,2.0,87.0,1,215000.0
ariana,tunis,2,1,2.0,120.0,1,408646.0
Agba,tunis,2,1,4.0,92.0,1,154500.0
ariana,tunis,1,1,1.0,62.0,1,261580.0
ariana,tunis,2,1,2.0,79.0,1,350000.0
Le Bardo,tunis,4,2,3.0,102.0,2,280000.0
Aïn Zaghouan,tunis,5,1,5.0,120.0,4,250000.0
Les Berges Du Lac,tunis,4,3,5.0,224.0,1,770000.0
Sidi Hassine,tunis,4,1,7.0,124.0,6,196000.0
ariana,tunis,2,1,3.0,133.0,1,513000.0
ben-arous,tunis,3,1,3.0,75.0,3,100000.0
ariana,tunis,3,1,4.0,243.0,2,910000.0
ariana,tunis,2,1,3.0,191.0,1,1146000.0
ben-arous,tunis,2,1,3.0,95.0,1,160000.0
ariana,tunis,1,1,2.0,72.0,1,250000.0
ariana,tunis,1,1,2.0,68.0,1,350000.0
Aïn Zaghouan,tunis,3,2,5.0,109.0,3,390000.0
Aïn Zaghouan,tunis,3,2,5.0,126.6,4,315000.0
ariana,tunis,4,2,6.0,300.0,1,3000000.0
ben-arous,tunis,4,1,4.0,300.0,1,100000.0
ariana,tunis,2,1,3.0,113.0,1,680000.0
ariana,tunis,3,1,4.0,250.0,1,1250000.0
ariana,tunis,2,1,3.0,152.0,1,920000.0
Aouina,tunis,4,1,5.0,187.0,2,460000.0
ariana,tunis,2,1,2.0,130.0,3,550000.0
Aïn Zaghouan,tunis,3,1,3.0,134.2,1,550000.0
Les Berges Du Lac,tunis,4,2,4.0,232.0,1,1200000.0
ariana,tunis,2,1,2.0,96.0,1,270000.0
Aouina,tunis,2,1,3.0,90.0,3,230000.0
Aïn Zaghouan,tunis,3,1,4.0,165.0,3,640000.0
ben-arous,tunis,2,1,3.0,65.0,4,140000.0
Sidi El Bechir,tunis,2,1,3.0,113.0,4,200000.0
Cite El Khadra,tunis,3,1,4.0,100.0,2,200000.0
ariana,tunis,2,1,3.0,90.0,2,320000.0
ariana,tunis,3,1,4.0,152.0,1,555000.0
ariana,tunis,2,1,2.0,90.0,2,300000.0
Sidi El Bechir,tunis,2,1,3.0,82.0,1,145000.0
El Omrane,tunis,3,1,5.0,100.0,5,120000.0
Aouina,tunis,3,2,3.0,140.0,5,390000.0
Agba,tunis,3,1,5.0,70.0,1,135000.0
ben-arous,tunis,2,1,4.0,70.0,1,100000.0
ben-arous,tunis,9,1,9.0,300.0,4,620000.0
Gammarth,tunis,2,1,2.0,57.44,1,150000.0
Aïn Zaghouan,tunis,2,1,3.0,85.0,1,380000.0
ben-arous,tunis,3,1,3.0,97.0,1,165000.0
Hrairia,tunis,4,2,4.0,105.0,2,185000.0
ariana,tunis,1,1,2.0,84.87,7,350000.0
ariana,tunis,3,1,4.0,207.0,2,790000.0
La Goulette,tunis,1,1,1.0,53.0,1,220000.0
Aouina,tunis,2,1,4.0,85.0,3,240000.0
ariana,tunis,3,2,5.0,178.07999999999998,2,550000.0
Sidi Hassine,tunis,2,1,3.0,90.0,1,140000.0
Le Bardo,tunis,2,1,3.0,97.0,4,280000.0
Les Berges Du Lac,tunis,2,1,2.0,73.0,3,295000.0
Aïn Zaghouan,tunis,2,2,3.0,198.0,2,710000.0
El Ouardia,tunis,5,2,6.0,300.0,2,100000.0
Cite El Khadra,tunis,4,2,5.0,165.0,6,485000.0
ariana,tunis,1,1,2.0,118.0,1,800000.0
ariana,tunis,3,1,4.0,147.0,1,420000.0
Aouina,tunis,4,2,5.0,200.0,1,560000.0
ariana,tunis,1,1,2.0,63.0,1,340000.0
Gammarth,tunis,3,2,4.0,110.0,3,420000.0
ariana,tunis,1,1,1.0,52.0,5,167000.0
Aouina,tunis,4,3,5.0,200.0,2,420000.0
ariana,tunis,1,1,2.0,90.0,2,270000.0
ariana,tunis,2,1,3.0,242.0,1,693000.0
ariana,tunis,2,2,3.0,115.0,4,440000.0
ariana,tunis,3,2,4.0,176.0,1,275000.0
ben-arous,tunis,1,1,2.0,50.0,2,150000.0
ben-arous,tunis,3,1,3.0,75.0,3,100000.0
Cite El Khadra,tunis,3,1,4.0,77.0,2,200000.0
ariana,tunis,1,1,2.0,50.0,2,100000.0
ariana,tunis,2,1,3.0,100.0,1,120000.0
La Goulette,tunis,2,1,2.0,110.0,1,300000.0
ariana,tunis,2,1,3.0,100.0,1,100000.0
ariana,tunis,1,1,2.0,100.0,1,100000.0
Aouina,tunis,2,2,3.0,127.0,4,399000.0
ariana,tunis,4,1,6.0,120.0,1,330000.0
ariana,tunis,4,1,4.0,178.0,1,630000.0
Aouina,tunis,3,2,7.0,200.0,1,520000.0
Aouina,tunis,3,1,4.0,128.0,1,450000.0
ariana,tunis,4,3,5.0,260.0,1,650000.0
Centre Urbain Nord,tunis,3,2,4.0,152.0,1,520000.0
ariana,tunis,3,2,4.0,202.0,1,730000.0
Aïn Zaghouan,tunis,2,1,2.0,117.0,2,406000.0
ariana,tunis,1,1,1.0,50.0,8,330000.0
Aïn Zaghouan,tunis,2,2,2.0,117.0,1,410000.0
ariana,tunis,3,2,4.0,174.0,9,850000.0
ariana,tunis,3,1,4.0,110.0,2,360000.0
ariana,tunis,3,1,3.0,130.0,1,320000.0
Aouina,tunis,2,1,3.0,70.0,4,189000.0
Sidi El Bechir,tunis,2,1,3.0,49.0,2,100000.0
ariana,tunis,2,1,3.0,92.0,1,670000.0
ariana,tunis,4,2,4.0,203.0,4,900000.0
Sidi Daoud,tunis,1,1,2.0,60.0,1,180000.0
Aïn Zaghouan,tunis,1,1,1.0,163.0,1,400000.0
ben-arous,tunis,3,1,3.0,64.0,5,160000.0
ben-arous,tunis,3,1,3.0,93.0,3,290000.0
ariana,tunis,2,1,2.0,75.0,1,650000.0
ariana,tunis,2,1,3.0,98.0,2,350000.0
Aouina,tunis,3,1,3.0,135.0,1,360000.0
Aïn Zaghouan,tunis,1,1,1.0,50.0,4,100000.0
Les Berges Du Lac,tunis,4,3,5.0,273.0,1,1150000.0
Les Berges Du Lac,tunis,3,4,5.0,300.0,1,1450000.0
Centre Urbain Nord,tunis,2,1,2.0,105.0,2,400000.0
Aouina,tunis,3,2,6.0,130.0,5,270000.0
ariana,tunis,2,1,3.0,65.0,1,230000.0
ariana,tunis,2,2,3.0,137.0,1,425000.0
Gammarth,tunis,4,4,4.0,300.0,1,900000.0
ariana,tunis,4,1,5.0,238.0,1,650000.0
Cite El Khadra,tunis,2,1,3.0,60.0,1,103000.0
El Omrane,tunis,3,1,4.0,103.0,1,200000.0
Ezzouhour,tunis,2,1,3.0,80.6,1,105000.0
Les Berges Du Lac,tunis,3,2,4.0,117.68,1,300000.0
Le Bardo,tunis,2,1,3.0,70.0,1,130000.0
Aïn Zaghouan,tunis,3,2,4.0,115.0,3,325000.0
Les Berges Du Lac,tunis,3,3,5.0,183.0,4,1500000.0
ariana,tunis,2,2,3.0,165.0,1,850000.0
Centre Urbain Nord,tunis,2,1,3.0,143.0,1,170000.0
ariana,tunis,1,1,2.0,65.0,1,330000.0
ariana,tunis,2,1,3.0,115.0,1,250000.0
El Ouardia,tunis,3,1,4.0,174.0,1,250000.0
ben-arous,tunis,2,1,3.0,96.0,1,190000.0
ariana,tunis,3,1,4.0,170.0,1,565000.0
Ezzouhour,tunis,2,1,3.0,80.0,1,100000.0
Le Bardo,tunis,3,2,4.0,85.0,1,170000.0
Le Bardo,tunis,3,2,4.0,115.0,1,360000.0
Cite El Khadra,tunis,2,1,2.0,105.0,3,400000.0
ben-arous,tunis,6,2,7.0,207.0,2,340000.0
Aïn Zaghouan,tunis,2,1,3.0,103.0,3,278000.0
ariana,tunis,3,2,4.0,160.0,1,535000.0
Les Berges Du Lac,tunis,2,1,3.0,150.0,1,200000.0
Gammarth,tunis,2,2,3.0,110.0,2,370000.0
Sidi El Bechir,tunis,3,1,3.0,60.0,3,165000.0
Cite El Khadra,tunis,5,2,6.0,200.0,3,415000.0
Aïn Zaghouan,tunis,3,2,9.0,164.0,4,535000.0
Aouina,tunis,2,1,3.0,113.0,2,240000.0
Les Berges Du Lac,tunis,3,2,4.0,242.0,1,970000.0
Agba,tunis,4,3,4.0,280.0,2,390000.0
ariana,tunis,4,2,5.0,198.6,1,600000.0
Aouina,tunis,1,1,2.0,69.0,2,198000.0
ariana,tunis,3,2,4.0,138.0,1,540000.0
Cite El Khadra,tunis,2,1,3.0,107.0,1,364000.0
La Goulette,tunis,2,1,3.0,95.0,1,240000.0
Cite El Khadra,tunis,2,1,3.0,90.0,1,306000.0
ariana,tunis,3,1,4.0,120.0,1,398000.0
ariana,tunis,2,1,3.0,144.0,2,410000.0
Le Bardo,tunis,4,2,6.0,140.0,1,250000.0
ariana,tunis,3,1,4.0,137.0,2,410000.0
Le Bardo,tunis,3,2,5.0,110.0,1,270000.0
ariana,tunis,3,2,4.0,172.0,1,575000.0
ariana,tunis,1,1,1.0,42.0,7,104000.0
Cite El Khadra,tunis,3,2,4.0,120.0,3,260000.0
ariana,tunis,2,2,3.0,136.0,1,598000.0
ariana,tunis,1,1,2.0,69.0,1,325000.0
ariana,tunis,2,2,3.0,117.0,1,326000.0
Aouina,tunis,3,1,3.0,140.0,1,297000.0
Gammarth,tunis,3,2,4.0,170.0,1,795000.0
Les Berges Du Lac,tunis,3,4,4.0,300.0,1,1400000.0
Djebel Jelloud,tunis,2,1,5.0,50.0,2,100000.0
Aouina,tunis,2,1,3.0,94.0,1,185000.0
Gammarth,tunis,6,5,6.0,300.0,1,900000.0
ariana,tunis,3,2,3.0,193.0,1,849000.0
Ettahrir,tunis,3,1,4.0,100.0,4,220000.0
Les Berges Du Lac,tunis,5,5,7.0,300.0,1,3100000.0
ben-arous,tunis,6,1,6.0,115.0,1,220000.0
Le Bardo,tunis,2,1,2.0,110.0,2,203000.0
Le Bardo,tunis,3,1,4.0,140.0,1,295000.0
Aouina,tunis,2,1,2.0,62.0,3,155000.0
ben-arous,tunis,3,1,2.0,85.0,1,2000000.0
Gammarth,tunis,3,2,3.0,158.0,2,750000.0
Les Berges Du Lac,tunis,3,2,5.0,137.0,6,560000.0
ariana,tunis,3,3,5.0,138.0,6,800000.0
ariana,tunis,2,1,3.0,90.0,2,600000.0
Le Bardo,tunis,3,1,4.0,110.0,2,220000.0
ariana,tunis,3,2,3.0,110.0,1,410000.0
ariana,tunis,3,1,4.0,144.0,2,410000.0
Les Berges Du Lac,tunis,2,1,3.0,120.0,3,750000.0
Le Bardo,tunis,3,3,6.0,300.0,3,800000.0
ariana,tunis,3,2,4.0,150.0,7,470000.0
Sidi Bou Said,tunis,1,1,2.0,50.0,1,150000.0
ariana,tunis,2,1,3.0,80.0,2,220000.0
ben-arous,tunis,4,1,4.0,120.0,1,160000.0
Les Berges Du Lac,tunis,4,3,8.0,300.0,1,2700000.0
ariana,tunis,10,5,10.0,300.0,3,2400000.0
ben-arous,tunis,2,1,5.0,114.7,1,110000.0
ariana,tunis,2,1,3.0,100.0,1,370000.0
ariana,tunis,3,1,4.0,142.0,2,750000.0
Les Berges Du Lac,tunis,3,2,5.0,293.0,1,1200000.0
Aouina,tunis,2,1,3.0,105.2,1,180000.0
ben-arous,tunis,1,1,2.0,50.0,1,150000.0
La Goulette,tunis,4,3,5.0,118.0,2,520000.0
Ettahrir,tunis,2,1,3.0,72.0,1,100000.0
ariana,tunis,1,1,2.0,83.0,1,190000.0
Aouina,tunis,2,1,3.0,110.0,1,295000.0
Aouina,tunis,1,1,2.0,65.0,1,165000.0
Aouina,tunis,3,3,4.0,152.0,1,340000.0
ben-arous,tunis,2,1,3.0,60.0,1,137000.0
Cite El Khadra,tunis,2,1,3.0,95.0,1,170000.0
Aouina,tunis,2,1,2.0,95.0,3,340000.0
Aïn Zaghouan,tunis,1,1,1.0,64.0,1,290000.0
ariana,tunis,1,1,2.0,99.0,2,252900.0
Aïn Zaghouan,tunis,2,1,2.0,122.0,1,523000.0
ariana,tunis,3,3,4.0,144.0,3,404000.0
ben-arous,tunis,2,1,2.0,64.6,1,110000.0
Le Bardo,tunis,3,2,6.0,110.0,6,260000.0
Aouina,tunis,3,3,4.0,166.0,2,360000.0
Mutuelleville,tunis,3,1,4.0,100.0,3,210000.0
Aïn Zaghouan,tunis,2,1,3.0,74.0,2,155000.0
Aïn Zaghouan,tunis,1,1,2.0,76.0,1,215000.0
Sidi Bou Said,tunis,1,1,2.0,58.0,1,140000.0
El Ouardia,tunis,3,1,4.0,75.0,1,109000.0
Aïn Zaghouan,tunis,2,2,3.0,129.0,3,510000.0
Le Bardo,tunis,2,1,2.0,80.0,3,100000.0
ariana,tunis,4,3,5.0,234.0,1,900000.0
Les Berges Du Lac,tunis,3,2,4.0,180.0,1,550000.0
Aouina,tunis,1,1,1.0,45.0,3,142000.0
ariana,tunis,4,2,5.0,290.0,1,1050000.0
Les Berges Du Lac,tunis,4,1,5.0,290.0,1,1050000.0
ariana,tunis,4,3,5.0,234.0,1,900000.0
ariana,tunis,2,1,2.0,120.0,2,700000.0
ariana,tunis,3,2,4.0,147.0,6,460000.0
ben-arous,tunis,5,1,5.0,150.0,3,250000.0
ariana,tunis,4,3,8.0,300.0,2,1400000.0
Les Berges Du Lac,tunis,4,3,6.0,200.0,1,950000.0
Aouina,tunis,2,1,3.0,104.0,1,215000.0
La Goulette,tunis,2,1,3.0,69.0,1,165000.0
Hrairia,tunis,3,1,3.0,48.0,4,100000.0
Sidi El Bechir,tunis,6,2,6.0,168.0,4,240000.0
Les Berges Du Lac,tunis,3,2,4.0,243.0,1,970000.0
ben-arous,tunis,3,1,4.0,105.52,1,160000.0
ariana,tunis,2,2,3.0,127.0,1,470000.0
ariana,tunis,3,2,4.0,107.0,1,300000.0
Aïn Zaghouan,tunis,1,1,2.0,80.0,1,248000.0
Aïn Zaghouan,tunis,1,1,2.0,64.0,1,275000.0
El Omrane,tunis,3,1,4.0,100.0,3,170000.0
ariana,tunis,3,2,4.0,136.0,5,355000.0
ben-arous,tunis,1,1,4.0,38.0,1,100000.0
ben-arous,tunis,3,1,4.0,100.0,1,100000.0
Ettahrir,tunis,2,1,6.0,90.0,1,220000.0
ariana,tunis,3,1,4.0,140.0,5,290000.0
El Ouardia,tunis,3,1,4.0,75.0,1,109000.0
El Ouardia,tunis,1,1,2.0,60.0,1,370000.0
La Goulette,tunis,3,2,4.0,102.0,1,580000.0
Gammarth,tunis,3,2,5.0,193.0,3,100000.0
ariana,tunis,5,4,6.0,300.0,7,1950000.0
Aïn Zaghouan,tunis,4,2,5.0,185.0,1,530000.0
ariana,tunis,9,3,9.0,200.0,1,580000.0
Aïn Zaghouan,tunis,2,1,3.0,93.0,3,240000.0
Les Berges Du Lac,tunis,2,1,3.0,157.0,4,450000.0
ariana,tunis,2,1,3.0,100.0,2,460000.0
Cite El Khadra,tunis,3,1,4.0,110.0,3,350000.0
Le Bardo,tunis,3,2,6.0,110.0,1,280000.0
Sidi Hassine,tunis,3,1,4.0,92.0,1,100000.0
ariana,tunis,2,2,3.0,132.0,1,670000.0
Sidi Bou Said,tunis,3,2,4.0,155.0,1,600000.0
ben-arous,tunis,4,1,4.0,160.0,1,245000.0
Sidi Bou Said,tunis,1,1,2.0,155.0,2,500000.0
Gammarth,tunis,2,1,3.0,168.0,1,570000.0
El Ouardia,tunis,3,2,4.0,111.0,3,160000.0
Aouina,tunis,2,1,3.0,100.0,1,250000.0
ariana,tunis,3,1,4.0,200.0,1,800000.0
ariana,tunis,2,1,3.0,156.5,1,661000.0
Cité Olympique,tunis,3,1,4.0,105.0,1,230000.0
ariana,tunis,3,1,4.0,170.0,1,550000.0
ariana,tunis,3,1,4.0,189.0,1,850000.0
ariana,tunis,3,1,4.0,184.0,1,850000.0
ariana,tunis,2,1,3.0,122.0,1,570000.0
La Goulette,tunis,3,1,5.0,84.0,4,460000.0
La Goulette,tunis,3,1,4.0,158.0,2,565000.0
Sidi El Bechir,tunis,4,1,5.0,150.0,1,350000.0
Aïn Zaghouan,tunis,2,1,2.0,90.0,1,240000.0
ariana,tunis,2,2,4.0,80.0,1,200000.0
Cite El Khadra,tunis,2,1,3.0,80.0,1,150000.0
Aouina,tunis,3,1,4.0,110.0,1,255000.0
ariana,tunis,3,1,3.0,131.0,1,327600.0
ariana,tunis,1,1,1.0,49.0,2,128100.0
Aïn Zaghouan,tunis,1,1,1.0,64.0,1,290000.0
ariana,tunis,1,1,1.0,49.0,1,129750.0
Aïn Zaghouan,tunis,2,1,3.0,100.0,1,255000.0
ariana,tunis,1,1,1.0,75.0,4,262000.0
Aouina,tunis,2,1,2.0,114.0,3,330000.0
ariana,tunis,3,1,4.0,245.0,1,833000.0
ariana,tunis,2,2,3.0,120.0,2,402000.0
Aïn Zaghouan,tunis,2,1,3.0,122.0,1,540000.0
Aïn Zaghouan,tunis,3,1,4.0,170.0,1,720000.0
Sidi El Bechir,tunis,1,1,2.0,65.0,1,120000.0
ariana,tunis,2,2,4.0,150.0,1,230000.0
Les Berges Du Lac,tunis,2,1,4.0,95.0,1,520000.0
Cite El Khadra,tunis,3,2,4.0,178.0,2,510000.0
Le Bardo,tunis,3,1,4.0,138.0,3,300000.0
Aouina,tunis,3,1,4.0,120.0,3,360000.0
ariana,tunis,3,1,6.0,111.0,4,150000.0
Cité Olympique,tunis,2,2,3.0,80.0,1,220000.0
ariana,tunis,2,1,3.0,110.0,1,215000.0
Le Bardo,tunis,3,2,4.0,110.0,4,210000.0
Aouina,tunis,3,1,4.0,150.0,1,390000.0
ariana,tunis,1,1,2.0,40.0,2,140000.0
ariana,tunis,1,1,2.0,80.0,2,350000.0
ariana,tunis,2,2,3.0,180.0,3,4990000.0
Aïn Zaghouan,tunis,3,1,4.0,110.0,2,300000.0
Aouina,tunis,1,1,2.0,70.0,1,209000.0
Aïn Zaghouan,tunis,2,1,3.0,87.0,2,230000.0
Aouina,tunis,1,1,2.0,53.0,5,170000.0
Aouina,tunis,5,2,7.0,163.68,1,385000.0
Aouina,tunis,1,1,1.0,61.976,6,138000.0
Aouina,tunis,3,1,4.0,117.0,6,230000.0
Aouina,tunis,3,2,3.0,118.2,2,275000.0
Les Berges Du Lac,tunis,2,1,3.0,90.0,1,260000.0
ariana,tunis,3,3,3.0,221.0,7,615000.0
Aïn Zaghouan,tunis,1,1,1.0,59.9,7,136000.0
ariana,tunis,1,1,1.0,75.0,3,240000.0
Aouina,tunis,2,1,2.0,72.8,4,235000.0
Aouina,tunis,3,2,3.0,105.2,1,260000.0
Les Berges Du Lac,tunis,3,4,5.0,247.0,1,1255000.0
ariana,tunis,3,1,3.0,30.0,1,270000.0
Le Bardo,tunis,3,1,3.0,76.0,2,100000.0
Aouina,tunis,2,1,3.0,100.0,1,210000.0
Aouina,tunis,3,2,5.0,138.0,1,320000.0
ariana,tunis,9,6,9.0,300.0,1,750000.0
Aouina,tunis,2,1,3.0,100.0,1,210000.0
Gammarth,tunis,3,1,4.0,110.0,1,250000.0
Aouina,tunis,3,2,5.0,138.0,1,320000.0
Aouina,tunis,2,1,3.0,100.0,1,210000.0
Aouina,tunis,2,1,4.0,226.0,1,350000.0
Aouina,tunis,3,2,5.0,138.0,1,310000.0
Aouina,tunis,3,2,4.0,157.0,4,280000.0
ariana,tunis,3,2,4.0,252.0,1,1086000.0
ariana,tunis,3,2,4.0,293.0,1,1258000.0
Sidi Hassine,tunis,4,2,7.0,124.0,7,189000.0
Aouina,tunis,1,1,1.0,56.0,4,162000.0
Aouina,tunis,1,1,1.0,54.0,3,120000.0
Aouina,tunis,1,1,1.0,60.0,2,165000.0
Aouina,tunis,1,1,1.0,50.0,1,145000.0
Aouina,tunis,3,2,4.0,140.0,1,310000.0
Aouina,tunis,3,2,3.0,90.0,1,285000.0
ariana,tunis,3,2,4.0,237.0,1,1020000.0
Aouina,tunis,1,1,1.0,70.0,7,157000.0
Aouina,tunis,3,2,3.0,127.0,3,305000.0
Aouina,tunis,3,2,3.0,145.0,3,295000.0
Sidi Daoud,tunis,3,2,4.0,165.0,8,460000.0
El Omrane,tunis,3,1,3.0,109.0,1,180000.0
Aouina,tunis,2,1,2.0,95.0,3,210000.0
Les Berges Du Lac,tunis,3,1,4.0,134.0,1,560000.0
Agba,tunis,3,1,3.0,127.0,1,165000.0
Aouina,tunis,1,1,3.0,101.0,1,260000.0
Les Berges Du Lac,tunis,4,5,6.0,300.0,1,2563000.0
Les Berges Du Lac,tunis,4,4,5.0,300.0,1,1540000.0
Sidi Bou Said,tunis,2,1,2.0,70.0,1,300000.0
Aouina,tunis,1,1,2.0,79.0,1,145000.0
ariana,tunis,3,1,3.0,254.0,1,380000.0
ariana,tunis,3,1,4.0,150.0,2,1250000.0
Ezzouhour,tunis,2,1,3.0,55.0,1,100000.0
Aouina,tunis,10,4,10.0,300.0,3,800000.0
Aouina,tunis,1,1,2.0,79.0,1,145000.0
Le Bardo,tunis,2,1,3.0,70.0,1,125000.0
Aouina,tunis,1,1,1.0,57.7712,7,138000.0
ariana,tunis,10,6,10.0,220.0,3,700000.0
Aouina,tunis,2,2,2.0,83.0,1,190000.0
Aouina,tunis,3,3,3.0,142.4,9,500000.0
Aouina,tunis,2,1,2.0,92.8,1,245000.0
Aouina,tunis,2,1,2.0,84.0,2,217000.0
Aouina,tunis,2,1,2.0,77.3,5,225000.0
Aouina,tunis,2,1,2.0,83.0,1,190000.0
Aouina,tunis,9,6,9.0,300.0,1,1270000.0
Aouina,tunis,3,2,3.0,115.2,4,265000.0
Aouina,tunis,2,2,2.0,84.6,1,290000.0
Aouina,tunis,2,1,2.0,85.16,5,225000.0
Aouina,tunis,3,2,3.0,100.0,2,290000.0
Aouina,tunis,1,1,1.0,66.52000000000001,7,153000.0
Aouina,tunis,2,1,3.0,103.6,2,217000.0
Aouina,tunis,5,3,5.0,264.6,1,1180000.0
Aouina,tunis,4,2,3.0,106.0,6,242000.0
El Omrane,tunis,1,1,4.0,73.0,1,100000.0
Aouina,tunis,2,1,3.0,100.0,3,235000.0
Le Bardo,tunis,2,1,3.0,84.2,2,100000.0
ariana,tunis,1,1,3.0,84.0,1,295000.0
ben-arous,tunis,2,1,3.0,90.0,1,135000.0
Agba,tunis,2,1,3.0,56.0,1,100000.0
Gammarth,tunis,3,2,4.0,117.0,2,260000.0
Le Bardo,tunis,2,2,3.0,80.0,2,100000.0
La Goulette,tunis,3,1,3.0,93.0,1,270000.0
Hrairia,tunis,3,1,5.0,85.0,1,125000.0
Aïn Zaghouan,tunis,1,1,2.0,120.0,1,200000.0
Aïn Zaghouan,tunis,2,2,6.0,120.0,1,365000.0
Gammarth,tunis,3,1,4.0,110.0,2,300000.0
ariana,tunis,4,3,5.0,220.0,1,1250000.0
Aouina,tunis,2,1,3.0,135.0,1,220000.0
ben-arous,tunis,4,2,6.0,115.0,3,230000.0
Aouina,tunis,1,1,2.0,60.0,1,145000.0
ariana,tunis,3,2,3.0,121.08,1,245000.0
Aïn Zaghouan,tunis,2,1,3.0,104.0,1,210000.0
ben-arous,tunis,2,1,3.0,190.0,2,220000.0
Djebel Jelloud,tunis,2,1,3.0,50.0,1,100000.0
ariana,tunis,3,3,4.0,237.0,3,695000.0
Les Berges Du Lac,tunis,2,1,2.0,110.0,1,175000.0
ariana,tunis,3,2,4.0,150.0,5,430000.0
El Omrane,tunis,3,1,4.0,160.0,1,270000.0
Sidi Daoud,tunis,2,1,3.0,120.0,3,319000.0
ariana,tunis,3,4,6.0,200.0,1,950000.0
Les Berges Du Lac,tunis,4,1,6.0,133.0,2,500000.0
Aïn Zaghouan,tunis,1,1,2.0,61.0,9,286000.0
Aïn Zaghouan,tunis,3,3,3.0,158.0,2,430000.0
ariana,tunis,4,3,5.0,222.0,1,860000.0
Aouina,tunis,1,1,3.0,60.0,1,140000.0
El Ouardia,tunis,3,1,3.0,75.0,3,105000.0
Aouina,tunis,1,1,3.0,60.0,1,140000.0
Aouina,tunis,1,1,2.0,53.0,1,130000.0
Aouina,tunis,3,1,4.0,86.0,1,210000.0
Aouina,tunis,1,1,2.0,86.0,1,140000.0
Aouina,tunis,3,2,6.0,138.0,1,315000.0
Aouina,tunis,2,1,3.0,86.0,1,210000.0
El Omrane,tunis,3,2,7.0,100.0,1,150000.0
Aïn Zaghouan,tunis,2,2,4.0,128.0,1,270000.0
Cite El Khadra,tunis,3,1,7.0,120.0,1,220000.0
Aouina,tunis,3,2,5.0,138.0,1,320000.0
Le Bardo,tunis,3,1,5.0,120.0,1,280000.0
Le Bardo,tunis,4,1,5.0,128.0,1,300000.0
Ettahrir,tunis,3,1,4.0,105.0,3,135000.0
Sidi Hassine,tunis,2,1,3.0,110.0,1,145000.0
Agba,tunis,2,1,3.0,75.0,3,110000.0
ben-arous,tunis,3,1,4.0,145.0,3,185000.0
ben-arous,tunis,3,1,3.0,80.0,1,185000.0
Le Bardo,tunis,3,1,4.0,128.0,1,300000.0
Aïn Zaghouan,tunis,3,2,4.0,160.0,4,290000.0
Le Bardo,tunis,1,1,2.0,74.0,4,120000.0
Aouina,tunis,3,2,5.0,172.0,1,310000.0
Le Bardo,tunis,2,1,3.0,140.0,1,320000.0
Aouina,tunis,2,2,4.0,125.0,1,250000.0
Cite El Khadra,tunis,4,1,4.0,103.0,4,200000.0
Aouina,tunis,3,2,5.0,145.0,1,300000.0
Aouina,tunis,1,1,2.0,60.0,1,140000.0
ariana,tunis,2,1,4.0,120.0,1,210000.0
Aouina,tunis,3,2,5.0,138.0,1,320000.0
Sidi Bou Said,tunis,2,2,3.0,86.0,1,270000.0
ariana,tunis,1,1,2.0,50.0,4,200000.0
ariana,tunis,2,2,3.0,129.0,1,3100000.0
ariana,tunis,2,2,3.0,100.0,1,350000.0
Cite El Khadra,tunis,2,1,3.0,75.0,4,155000.0
Le Bardo,tunis,3,1,4.0,82.0,1,115000.0
ariana,tunis,2,1,3.0,70.6,1,160000.0
Cite El Khadra,tunis,2,1,3.0,65.0,3,100000.0
ariana,tunis,2,2,3.0,124.0,2,320000.0
Aouina,tunis,2,2,2.0,91.0088,1,350000.0
Cite El Khadra,tunis,3,1,7.0,123.4,1,340000.0
Aouina,tunis,3,2,3.0,105.32,1,300000.0
Aouina,tunis,1,1,2.0,45.0,1,125000.0
Aouina,tunis,1,1,1.0,62.6,1,178000.0
Aouina,tunis,1,1,1.0,60.32543999999999,6,138000.0
Aouina,tunis,1,1,1.0,60.410528,6,138000.0
Aouina,tunis,2,1,2.0,77.6,1,100000.0
Aouina,tunis,3,2,3.0,117.64,4,265000.0
Aouina,tunis,2,1,3.0,86.0,1,210000.0
Aouina,tunis,1,1,1.0,54.0,2,165000.0
Aouina,tunis,1,1,1.0,68.104,7,153000.0
Aouina,tunis,1,1,1.0,60.0926336,7,138000.0
Aouina,tunis,3,2,3.0,103.4,4,240000.0
Les Berges Du Lac,tunis,3,4,4.0,180.0,2,1470000.0
Aouina,tunis,3,2,3.0,112.56799999999998,4,265000.0
Aouina,tunis,3,2,3.0,129.0,1,330000.0
Aouina,tunis,3,2,3.0,85.0,3,140000.0
Agba,tunis,2,1,2.0,100.0,1,100000.0
Aouina,tunis,3,2,3.0,103.6,4,240000.0
Aouina,tunis,1,1,1.0,74.5248,7,155000.0
Aïn Zaghouan,tunis,4,2,5.0,300.0,7,460000.0
Aouina,tunis,2,1,3.0,140.0,4,250000.0
ariana,tunis,3,3,4.0,158.0,8,458000.0
ariana,tunis,3,3,4.0,221.0,9,620000.0
Aouina,tunis,3,2,5.0,138.0,1,320000.0
Aïn Zaghouan,tunis,3,1,3.0,81.0,7,224000.0
Aouina,tunis,2,1,3.0,100.0,1,210000.0
ariana,tunis,8,2,9.0,300.0,1,3200000.0
Le Bardo,tunis,3,1,6.0,70.0,1,120000.0
Agba,tunis,3,1,4.0,125.0,1,250000.0
El Ouardia,tunis,3,1,3.0,89.0,3,100000.0
Aouina,tunis,3,2,5.0,138.0,1,310000.0
Hrairia,tunis,2,1,3.0,60.0,1,100000.0
Aouina,tunis,2,1,3.0,105.0,3,255000.0
ben-arous,tunis,3,1,3.0,70.0,4,155000.0
ariana,tunis,2,1,3.0,130.0,1,290000.0
Le Bardo,tunis,2,1,2.0,66.6,1,100000.0
Mutuelleville,tunis,4,4,5.0,156.4,1,500000.0
ariana,tunis,2,2,3.0,137.6,1,280000.0
ariana,tunis,2,1,3.0,115.0,3,650000.0
ariana,tunis,3,2,4.0,165.0,1,950000.0
ariana,tunis,5,2,6.0,200.0,1,200000.0
Sidi Daoud,tunis,1,1,2.0,73.0,2,175000.0
Ezzahra,ben-arous,4,2,7.0,144.0,1,200000.0
ben-arous,ben-arous,2,1,3.0,98.0,1,135000.0
ben-arous,ben-arous,2,1,2.0,59.8,4,120000.0
Borj Cedria,ben-arous,2,1,3.0,50.0,1,160000.0
Rades,ben-arous,2,1,3.0,67.0,2,145000.0
ben-arous,ben-arous,3,1,3.0,115.0,2,175000.0
Hammam Lif,ben-arous,2,2,4.0,83.0,1,220000.0
El Mourouj,ben-arous,3,1,4.0,117.5,3,185000.0
ben-arous,ben-arous,3,1,4.0,107.0,6,275000.0
El Mourouj,ben-arous,3,1,3.0,80.0,3,156000.0
El Mourouj,ben-arous,2,1,3.0,78.0,2,140000.0
Ezzahra,ben-arous,3,1,6.0,90.0,4,150000.0
Ezzahra,ben-arous,3,1,4.0,120.0,4,245000.0
El Mourouj,ben-arous,4,1,4.0,96.8,1,150000.0
El Mourouj,ben-arous,3,1,6.0,110.0,1,150000.0
Rades,ben-arous,2,1,3.0,85.0,1,230000.0
El Mourouj,ben-arous,2,1,2.0,129.5,3,225000.0
El Mourouj,ben-arous,3,1,4.0,96.0,1,145000.0
Borj Cedria,ben-arous,3,1,4.0,100.0,1,140000.0
El Mourouj,ben-arous,2,1,3.0,103.0,1,185000.0
El Mourouj,ben-arous,4,1,4.0,100.0,1,115000.0
El Mourouj,ben-arous,2,1,3.0,75.0,1,105000.0
ben-arous,ben-arous,3,2,4.0,107.0,3,145000.0
El Mourouj,ben-arous,2,1,4.0,85.0,4,110000.0
Ezzahra,ben-arous,2,1,3.0,78.0,1,119000.0
Ezzahra,ben-arous,3,1,3.0,96.0,4,100000.0
ben-arous,ben-arous,2,1,3.0,90.0,4,100000.0
Hammam Lif,ben-arous,2,1,2.0,83.0,1,137000.0
Ezzahra,ben-arous,3,1,3.0,80.0,3,120000.0
Ezzahra,ben-arous,2,1,3.0,73.6,1,119000.0
Fouchana,ben-arous,2,1,3.0,100.0,1,125000.0
El Mourouj,ben-arous,2,1,3.0,96.0,1,175000.0
El Mourouj,ben-arous,2,1,3.0,74.0,1,115000.0
ben-arous,ben-arous,2,1,3.0,79.0,2,170000.0
El Mourouj,ben-arous,2,1,3.0,108.0,3,195000.0
Borj Cedria,ben-arous,2,1,2.0,116.0,4,170000.0
El Mourouj,ben-arous,3,1,4.0,70.0,1,110000.0
ben-arous,ben-arous,2,1,3.0,89.0,1,200000.0
El Mourouj,ben-arous,2,1,3.0,80.0,1,150000.0
Hammam Lif,ben-arous,5,1,7.0,200.0,1,520000.0
El Mourouj,ben-arous,4,2,6.0,89.2,1,150000.0
Ezzahra,ben-arous,3,1,3.0,93.2,1,180000.0
El Mourouj,ben-arous,2,1,3.0,62.0,1,130000.0
El Mourouj,ben-arous,2,1,5.0,67.0,2,120000.0
Hammam Lif,ben-arous,2,1,3.0,66.82,6,167000.0
El Mourouj,ben-arous,4,2,7.0,147.0,1,250000.0
Hammam Lif,ben-arous,3,1,3.0,90.4,2,140000.0
El Mourouj,ben-arous,4,1,4.0,80.0,3,148000.0
Borj Cedria,ben-arous,2,1,3.0,82.0,1,100000.0
Rades,ben-arous,2,1,3.0,92.0,3,127000.0
ben-arous,ben-arous,3,2,5.0,143.0,1,245000.0
ben-arous,ben-arous,3,2,7.0,115.0,3,197000.0
ben-arous,ben-arous,2,1,6.0,90.0,2,173000.0
Megrine,ben-arous,2,1,6.0,80.0,1,195000.0
ben-arous,ben-arous,2,1,6.0,95.0,2,200000.0
ben-arous,ben-arous,3,2,7.0,115.0,3,197000.0
Borj Cedria,ben-arous,1,1,3.0,120.0,3,220000.0
El Mourouj,ben-arous,3,2,6.0,120.0,4,120000.0
El Mourouj,ben-arous,2,1,3.0,96.0,1,155000.0
ben-arous,ben-arous,3,1,6.0,95.0,1,215000.0
Mornag,ben-arous,2,1,3.0,80.0,5,190080.0
ben-arous,ben-arous,2,1,6.0,97.0,2,200000.0
Boumhel,ben-arous,3,1,4.0,122.0,3,235000.0
Fouchana,ben-arous,3,1,3.0,81.0,1,140000.0
Borj Cedria,ben-arous,3,2,4.0,137.19,4,233223.0
Fouchana,ben-arous,3,1,4.0,90.0,2,188000.0
Ezzahra,ben-arous,2,1,3.0,59.0,2,129000.0
Boumhel,ben-arous,3,1,4.0,138.0,4,235000.0
Ezzahra,ben-arous,3,2,4.0,147.0,1,277000.0
El Mourouj,ben-arous,2,1,3.0,110.0,1,130000.0
El Mourouj,ben-arous,2,1,3.0,94.0,2,135000.0
El Mourouj,ben-arous,2,1,3.0,74.95,1,130000.0
Ezzahra,ben-arous,3,1,4.0,85.0,3,145000.0
Fouchana,ben-arous,4,2,5.0,120.0,1,168000.0
Ezzahra,ben-arous,2,1,3.0,88.0,3,150000.0
Borj Cedria,ben-arous,2,1,3.0,107.0,5,160000.0
El Mourouj,ben-arous,3,2,4.0,110.0,1,186000.0
Ezzahra,ben-arous,3,1,4.0,126.0,5,300000.0
Ezzahra,ben-arous,2,1,3.0,105.0,1,248000.0
Megrine,ben-arous,2,1,3.0,107.0,1,175000.0
El Mourouj,ben-arous,3,1,4.0,110.0,4,120000.0
El Mourouj,ben-arous,3,1,5.0,101.0,3,180000.0
El Mourouj,ben-arous,2,1,5.0,101.14,1,110000.0
Borj Cedria,ben-arous,2,1,3.0,80.0,1,150000.0
Borj Cedria,ben-arous,3,2,4.0,180.0,1,250000.0
El Mourouj,ben-arous,3,1,4.0,130.0,1,175000.0
El Mourouj,ben-arous,2,1,3.0,97.0,5,180000.0
ben-arous,ben-arous,3,1,4.0,145.0,3,280000.0
El Mourouj,ben-arous,2,1,3.0,108.46399999999998,1,300000.0
ben-arous,ben-arous,6,3,6.0,130.0,2,200000.0
ben-arous,ben-arous,2,1,3.0,105.0,1,190000.0
ben-arous,ben-arous,3,1,5.0,111.0,2,200000.0
Borj Cedria,ben-arous,2,1,3.0,85.0,1,200000.0
Ezzahra,ben-arous,3,2,4.0,104.0,4,249000.0
ben-arous,ben-arous,3,2,4.0,140.0,4,230000.0
ben-arous,ben-arous,3,2,6.0,211.35,1,560000.0
Rades,ben-arous,3,2,4.0,112.2,1,195000.0
Boumhel,ben-arous,2,2,3.0,90.0,4,163000.0
Borj Cedria,ben-arous,2,1,3.0,76.0,2,100000.0
Borj Cedria,ben-arous,2,2,3.0,99.0,1,157000.0
El Mourouj,ben-arous,3,1,4.0,105.0,4,150000.0
El Mourouj,ben-arous,4,1,4.0,106.0,1,145000.0
El Mourouj,ben-arous,2,1,3.0,80.0,2,120000.0
ben-arous,ben-arous,2,2,3.0,74.0,2,100000.0
El Mourouj,ben-arous,2,1,3.0,78.0,4,130000.0
El Mourouj,ben-arous,3,1,4.0,136.0,3,200000.0
Borj Cedria,ben-arous,2,1,3.0,55.0,1,100000.0
El Mourouj,ben-arous,3,1,4.0,106.0,1,145000.0
El Mourouj,ben-arous,2,1,3.0,90.0,4,110000.0
Rades,ben-arous,2,1,3.0,80.0,1,135000.0
Ezzahra,ben-arous,4,2,5.0,131.0,3,210000.0
El Mourouj,ben-arous,2,1,3.0,100.0,5,170000.0
Rades,ben-arous,3,1,4.0,140.0,1,230000.0
Ezzahra,ben-arous,2,1,3.0,95.0,1,280000.0
Rades,ben-arous,3,1,4.0,140.0,1,230000.0
El Mourouj,ben-arous,2,1,3.0,97.0,1,210000.0
El Mourouj,ben-arous,2,1,3.0,65.0,1,149000.0
Megrine,ben-arous,3,2,4.0,141.0,1,250000.0
El Mourouj,ben-arous,3,1,4.0,90.0,4,160000.0
El Mourouj,ben-arous,3,1,4.0,86.0,1,180000.0
El Mourouj,ben-arous,3,1,4.0,86.0,1,150000.0
Rades,ben-arous,3,1,4.0,83.0,3,170000.0
Ezzahra,ben-arous,2,1,3.0,75.0,1,210000.0
Megrine,ben-arous,2,1,3.0,120.0,1,320000.0
El Mourouj,ben-arous,3,1,4.0,101.0,3,180000.0
Hammam Lif,ben-arous,2,1,3.0,102.0,1,175000.0
El Mourouj,ben-arous,3,2,4.0,109.0,1,220000.0
El Mourouj,ben-arous,2,1,3.0,135.0,1,140000.0
El Mourouj,ben-arous,2,1,3.0,72.0,1,120000.0
El Mourouj,ben-arous,1,1,2.0,90.0,1,100000.0
ben-arous,ben-arous,2,1,3.0,90.0,4,130000.0
El Mourouj,ben-arous,2,1,3.0,101.0,3,205000.0
El Mourouj,ben-arous,2,1,3.0,110.0,1,165000.0
Borj Cedria,ben-arous,3,1,4.0,110.0,4,155000.0
Rades,ben-arous,2,1,3.0,80.0,3,100000.0
Megrine,ben-arous,3,1,4.0,110.0,4,190000.0
Boumhel,ben-arous,2,1,3.0,140.0,1,140000.0
El Mourouj,ben-arous,3,2,4.0,130.0,2,100000.0
Rades,ben-arous,2,1,3.0,83.6,4,145000.0
ben-arous,ben-arous,2,2,3.0,107.0,2,180000.0
ben-arous,ben-arous,3,3,8.0,148.0,1,341000.0
ben-arous,ben-arous,2,2,6.0,124.0,4,286000.0
El Mourouj,ben-arous,2,1,2.0,70.0,1,130000.0
El Mourouj,ben-arous,5,3,2.0,97.6,2,390000.0
ben-arous,ben-arous,3,1,5.0,127.0,4,245000.0
Ezzahra,ben-arous,2,1,2.0,70.32000000000001,1,100000.0
Rades,ben-arous,3,1,4.0,90.0,3,180000.0
Rades,ben-arous,2,1,3.0,68.0,4,130000.0
Hammam Lif,ben-arous,2,1,3.0,88.0,1,168000.0
El Mourouj,ben-arous,2,1,3.0,90.0,1,148000.0
Hammam Lif,ben-arous,3,1,3.0,99.4,1,250000.0
Ezzahra,ben-arous,2,1,4.0,94.0,1,140000.0
Boumhel,ben-arous,2,1,3.0,75.0,1,125000.0
ben-arous,ben-arous,2,1,3.0,83.0,1,120000.0
Ezzahra,ben-arous,2,1,3.0,75.0,1,180000.0
El Mourouj,ben-arous,2,1,3.0,90.0,4,148000.0
Borj Cedria,ben-arous,2,1,5.0,111.0,5,170000.0
Rades,ben-arous,3,1,4.0,150.0,1,320000.0
El Mourouj,ben-arous,4,1,5.0,101.0,3,173000.0
El Mourouj,ben-arous,2,1,3.0,86.0,3,125000.0
Boumhel,ben-arous,3,1,4.0,120.0,1,260000.0
Boumhel,ben-arous,2,1,3.0,94.0,1,190000.0
Borj Cedria,ben-arous,1,1,2.0,98.0,1,185000.0
Ezzahra,ben-arous,2,1,3.0,65.0,3,150000.0
El Mourouj,ben-arous,3,1,5.0,72.0,3,215000.0
Boumhel,ben-arous,2,1,3.0,80.0,1,145000.0
Ezzahra,ben-arous,2,1,3.0,105.0,2,189000.0
Boumhel,ben-arous,3,1,3.0,108.0,1,235000.0
Ezzahra,ben-arous,1,1,3.0,50.0,3,175000.0
ben-arous,ben-arous,3,2,4.0,136.0,1,265000.0
Ezzahra,ben-arous,3,1,4.0,144.0,1,310000.0
Hammam Lif,ben-arous,2,1,3.0,82.0,1,160000.0
ben-arous,ben-arous,2,1,3.0,107.0,3,170000.0
El Mourouj,ben-arous,2,1,3.0,75.0,1,150000.0
El Mourouj,ben-arous,3,1,4.0,90.0,4,180000.0
ben-arous,ben-arous,2,1,2.0,124.0,2,217000.0
Hammam Lif,ben-arous,2,1,3.0,75.0,2,140000.0
El Mourouj,ben-arous,2,1,3.0,74.0,4,100000.0
El Mourouj,ben-arous,2,1,3.0,90.0,4,148000.0
ben-arous,ben-arous,2,1,3.0,88.0,1,120000.0
ben-arous,ben-arous,2,2,3.0,122.0,4,210000.0
ben-arous,ben-arous,2,1,2.0,108.0,2,240000.0
El Mourouj,ben-arous,3,1,4.0,110.0,2,175000.0
El Mourouj,ben-arous,3,1,4.0,110.0,4,120000.0
El Mourouj,ben-arous,2,1,3.0,107.0,3,200000.0
Mornag,ben-arous,3,2,4.0,135.0,1,200000.0
Ezzahra,ben-arous,3,1,4.0,94.0,3,160000.0
El Mourouj,ben-arous,3,1,3.0,80.0,1,155000.0
Rades,ben-arous,3,1,4.0,86.0,3,165000.0
Borj Cedria,ben-arous,3,1,3.0,137.0,1,245000.0
Rades,ben-arous,2,1,3.0,80.0,1,150000.0
Rades,ben-arous,3,2,4.0,164.0,1,300000.0
El Mourouj,ben-arous,2,1,3.0,85.0,2,135000.0
ben-arous,ben-arous,1,1,2.0,80.0,1,100000.0
ben-arous,ben-arous,3,1,4.0,145.0,1,280000.0
ben-arous,ben-arous,2,1,2.0,107.0,1,185000.0
El Mourouj,ben-arous,3,1,3.0,89.0,3,145000.0
El Mourouj,ben-arous,3,1,3.0,66.0,4,122000.0
El Mourouj,ben-arous,3,1,4.0,110.0,1,198000.0
Boumhel,ben-arous,2,1,3.0,72.0,3,140000.0
El Mourouj,ben-arous,4,1,3.0,84.0,3,120000.0
Fouchana,ben-arous,3,1,4.0,103.0,1,175000.0
ben-arous,ben-arous,3,1,4.0,129.0,1,265000.0
ben-arous,ben-arous,3,1,4.0,110.0,1,220000.0
Rades,ben-arous,3,1,4.0,133.0,5,225000.0
ben-arous,ben-arous,1,1,1.0,56.0,2,165000.0
Borj Cedria,ben-arous,1,1,1.0,53.0,4,100000.0
El Mourouj,ben-arous,3,1,3.0,115.0,1,165000.0
ben-arous,ben-arous,3,1,4.0,78.0,1,100000.0
ben-arous,ben-arous,3,1,3.0,80.0,1,100000.0
Hammam Lif,ben-arous,3,1,5.0,92.0,2,220000.0
El Mourouj,ben-arous,3,1,4.0,90.0,3,165000.0
Ezzahra,ben-arous,4,2,6.0,149.0,3,280000.0
ben-arous,ben-arous,3,2,3.0,103.0,1,200000.0
Rades,ben-arous,2,1,3.0,100.0,3,230000.0
Borj Cedria,ben-arous,3,1,4.0,137.0,1,235000.0
Rades,ben-arous,1,1,2.0,70.0,1,130000.0
Ezzahra,ben-arous,3,2,3.0,117.0,2,290000.0
ben-arous,ben-arous,2,1,3.0,90.0,1,135000.0
ben-arous,ben-arous,3,2,4.0,129.0,1,265000.0
Ezzahra,ben-arous,1,1,3.0,90.0,3,187000.0
El Mourouj,ben-arous,3,1,4.0,140.0,1,250000.0
Fouchana,ben-arous,3,1,4.0,93.0,4,135000.0
Rades,ben-arous,2,1,3.0,70.0,2,130000.0
ben-arous,ben-arous,3,1,4.0,103.0,1,200000.0
El Mourouj,ben-arous,3,1,4.0,100.0,4,157000.0
ben-arous,ben-arous,3,2,6.0,140.0,1,195000.0
Borj Cedria,ben-arous,3,1,4.0,145.0,2,100000.0
Rades,ben-arous,3,1,3.0,80.0,1,145000.0
El Mourouj,ben-arous,2,1,3.0,90.0,2,162000.0
Boumhel,ben-arous,1,1,2.0,60.0,3,125000.0
Mornag,ben-arous,3,1,4.0,205.0,1,290000.0
El Mourouj,ben-arous,3,1,4.0,140.0,4,290000.0
Rades,ben-arous,2,1,3.0,67.0,1,140000.0
Borj Cedria,ben-arous,2,1,3.0,100.0,1,185000.0
Rades,ben-arous,2,1,2.0,95.0,1,155000.0
El Mourouj,ben-arous,2,1,3.0,91.0,2,135000.0
Hammam Lif,ben-arous,3,1,4.0,124.0,4,180000.0
ben-arous,ben-arous,3,1,3.0,95.0,1,130000.0
ben-arous,ben-arous,3,1,4.0,98.0,3,100000.0
Rades,ben-arous,2,1,3.0,70.0,1,100000.0
Mornag,ben-arous,2,1,3.0,80.0,1,105000.0
Boumhel,ben-arous,2,1,3.0,82.0,2,130000.0
Borj Cedria,ben-arous,1,1,1.0,73.0,1,235000.0
ben-arous,ben-arous,3,1,4.0,97.0,1,220000.0
Borj Cedria,ben-arous,2,1,3.0,107.0,5,170000.0
Rades,ben-arous,2,1,3.0,75.0,3,100000.0
Rades,ben-arous,3,1,4.0,83.0,1,210000.0
El Mourouj,ben-arous,3,1,4.0,100.0,1,140000.0
Boumhel,ben-arous,5,2,4.0,81.0,1,190000.0
El Mourouj,ben-arous,3,2,6.0,92.0,4,235000.0
Ezzahra,ben-arous,5,2,8.0,144.0,1,220000.0
ben-arous,ben-arous,3,1,3.0,145.0,3,280000.0
ben-arous,ben-arous,2,1,3.0,115.0,1,100000.0
ben-arous,ben-arous,2,2,3.0,122.0,1,230000.0
ben-arous,ben-arous,2,2,3.0,122.0,1,230000.0
ben-arous,ben-arous,3,2,4.0,123.0,1,290000.0
Rades,ben-arous,3,1,3.0,110.0,1,200000.0
ben-arous,ben-arous,3,1,3.0,156.0,2,275000.0
ben-arous,ben-arous,2,1,3.0,79.0,3,135000.0
ben-arous,ben-arous,2,1,2.0,79.0,3,135000.0
Megrine,ben-arous,2,1,3.0,90.0,1,100000.0
ben-arous,ben-arous,3,1,4.0,109.0,1,135000.0
El Mourouj,ben-arous,2,1,2.0,118.0,1,260000.0
ben-arous,ben-arous,3,1,4.0,137.5,7,285000.0
Rades,ben-arous,2,1,3.0,110.0,1,180000.0
ben-arous,ben-arous,2,1,4.0,117.0,1,180000.0
El Mourouj,ben-arous,2,1,2.0,49.0,1,147000.0
Hammam Lif,ben-arous,3,1,6.0,108.0,1,200000.0
Borj Cedria,ben-arous,2,1,3.0,108.0,3,180000.0
ben-arous,ben-arous,2,1,3.0,94.0,1,125000.0
Ezzahra,ben-arous,1,1,2.0,75.0,1,135000.0
Ezzahra,ben-arous,2,1,3.0,90.0,1,125000.0
Ezzahra,ben-arous,2,1,3.0,95.0,1,125000.0
ben-arous,ben-arous,3,1,3.0,73.0,3,100000.0
El Mourouj,ben-arous,3,1,3.0,106.0,2,182000.0
ben-arous,ben-arous,2,1,3.0,80.0,1,100000.0
ben-arous,ben-arous,2,1,2.0,65.0,2,100000.0
Rades,ben-arous,2,1,3.0,72.0,1,180000.0
ben-arous,ben-arous,8,2,9.0,300.0,3,650000.0
El Mourouj,ben-arous,2,1,3.0,75.0,1,130000.0
Rades,ben-arous,3,1,4.0,106.0,3,170000.0
Rades,ben-arous,4,2,4.0,200.0,2,170000.0
Borj Cedria,ben-arous,3,2,4.0,96.0,4,230000.0
ben-arous,ben-arous,2,1,2.0,65.0,2,100000.0
El Mourouj,ben-arous,3,1,4.0,85.0,1,150000.0
Rades,ben-arous,2,1,3.0,65.0,1,125000.0
Rades,ben-arous,2,1,3.0,75.0,1,110000.0
El Mourouj,ben-arous,3,1,4.0,130.0,1,250000.0
Mornag,ben-arous,3,1,6.0,75.0,1,140000.0
Rades,ben-arous,2,1,3.0,80.0,4,115000.0
Ezzahra,ben-arous,3,1,4.0,100.0,4,170000.0
Rades,ben-arous,2,1,3.0,104.0,1,150000.0
Ezzahra,ben-arous,3,1,4.0,90.0,3,145000.0
Rades,ben-arous,3,1,4.0,84.0,3,140000.0
El Mourouj,ben-arous,4,1,4.0,104.0,4,120000.0
Fouchana,ben-arous,4,2,4.0,269.0,1,170000.0
Rades,ben-arous,3,2,4.0,140.0,1,235000.0
El Mourouj,ben-arous,3,1,4.0,140.0,4,170000.0
ben-arous,ben-arous,2,1,3.0,90.0,3,100000.0
El Mourouj,ben-arous,3,1,3.0,75.0,2,135000.0
Ezzahra,ben-arous,3,1,4.0,132.0,1,320000.0
Rades,ben-arous,2,1,3.0,90.0,1,150000.0
ben-arous,ben-arous,2,1,4.0,117.0,1,180000.0
ben-arous,ben-arous,2,1,3.0,90.0,3,100000.0
Borj Cedria,ben-arous,3,1,3.0,76.0,2,100000.0
Rades,ben-arous,3,2,4.0,132.0,2,205000.0
El Mourouj,ben-arous,3,1,4.0,80.0,1,105000.0
Ezzahra,ben-arous,2,1,3.0,95.0,1,125000.0
El Mourouj,ben-arous,2,1,3.0,117.0,6,184000.0
Rades,ben-arous,3,1,4.0,123.2,1,170000.0
Boumhel,ben-arous,3,1,4.0,128.0,3,160000.0
Fouchana,ben-arous,4,1,4.0,120.0,2,150000.0
Rades,ben-arous,3,1,4.0,89.84,1,130000.0
El Mourouj,ben-arous,3,1,4.0,116.0,1,165000.0
El Mourouj,ben-arous,2,1,3.0,70.0,4,100000.0
Mornag,ben-arous,3,1,4.0,105.0,4,130000.0
Rades,ben-arous,2,1,3.0,105.0,1,125000.0
Ezzahra,ben-arous,1,1,1.0,64.54796672,1,135000.0
Rades,ben-arous,8,4,8.0,300.0,3,680000.0
ben-arous,ben-arous,2,1,2.0,83.12,1,100000.0
Ezzahra,ben-arous,2,1,2.0,84.144,1,100000.0
El Mourouj,ben-arous,2,1,3.0,87.0,1,100000.0
Rades,ben-arous,2,1,2.0,60.0,1,135000.0
Fouchana,ben-arous,3,1,4.0,150.0,1,100000.0
Ezzahra,ben-arous,4,1,5.0,204.0,1,390000.0
El Mourouj,ben-arous,3,2,4.0,140.0,3,187000.0
Boumhel,ben-arous,3,1,3.0,80.0,1,100000.0
Hammam Lif,ben-arous,2,1,3.0,90.0,1,100000.0
ben-arous,ben-arous,3,1,4.0,170.0,1,160000.0
Megrine,ben-arous,3,1,4.0,129.8,1,260000.0
Megrine,ben-arous,3,1,4.0,214.0,1,270000.0
Rades,ben-arous,2,1,3.0,95.0,1,110000.0
El Mourouj,ben-arous,2,1,3.0,66.0,2,166000.0
El Mourouj,ben-arous,3,1,4.0,100.0,3,125000.0
Hammam Lif,ben-arous,3,1,4.0,90.0,2,190000.0
El Mourouj,ben-arous,2,1,3.0,75.0,1,120000.0
Megrine,ben-arous,3,1,4.0,115.0,1,190000.0
ben-arous,ben-arous,2,2,3.0,95.0,1,100000.0
El Mourouj,ben-arous,4,1,4.0,100.4,3,137000.0
El Mourouj,ben-arous,4,1,4.0,110.0,4,160000.0
ben-arous,ben-arous,2,2,3.0,95.0,1,100000.0
Borj Cedria,ben-arous,2,1,2.0,150.0,1,270000.0
Borj Cedria,ben-arous,2,1,3.0,135.0,4,190000.0
ben-arous,ben-arous,3,2,4.0,134.0,6,230000.0
ben-arous,ben-arous,2,1,3.0,70.0,1,100000.0
ben-arous,ben-arous,3,1,4.0,151.0,1,260000.0
ben-arous,ben-arous,3,1,4.0,75.0,1,100000.0
Rades,ben-arous,2,1,3.0,85.0,3,100000.0
El Mourouj,ben-arous,2,1,3.0,85.0,3,100000.0
El Mourouj,ben-arous,3,1,3.0,85.0,4,120000.0
El Mourouj,ben-arous,3,1,4.0,92.0,1,225000.0
Ezzahra,ben-arous,3,1,4.0,65.0,1,110000.0
Fouchana,ben-arous,2,1,2.0,60.0,1,100000.0
ben-arous,ben-arous,3,1,3.0,75.0,1,100000.0
Hammam Lif,ben-arous,4,2,4.0,104.0,2,175000.0
ben-arous,ben-arous,2,1,2.0,68.0,1,117000.0
ben-arous,ben-arous,4,2,6.0,145.0,3,250000.0
El Mourouj,ben-arous,2,1,3.0,78.0,1,110000.0
Borj Cedria,ben-arous,3,2,4.0,122.0,2,168327.0
El Mourouj,ben-arous,2,1,2.0,59.8,1,100000.0
El Mourouj,ben-arous,3,1,3.0,138.0,3,187347.0
Borj Cedria,ben-arous,3,1,3.0,74.0,1,120000.0
El Mourouj,ben-arous,3,1,5.0,85.0,2,155000.0
Ezzahra,ben-arous,3,1,4.0,120.0,1,270000.0
El Mourouj,ben-arous,2,1,5.0,110.0,2,150000.0
Boumhel,ben-arous,2,1,3.0,80.0,1,100000.0
ben-arous,ben-arous,3,2,5.0,137.0,1,100000.0
ben-arous,ben-arous,2,1,3.0,95.0,1,100000.0
Mornag,ben-arous,3,2,4.0,160.0,4,245000.0
El Mourouj,ben-arous,3,1,4.0,130.0,1,165000.0
El Mourouj,ben-arous,2,2,3.0,80.0,1,110000.0
Ezzahra,ben-arous,2,1,3.0,86.0,1,203000.0
Hammam Lif,ben-arous,1,1,2.0,65.0,1,115000.0
El Mourouj,ben-arous,3,1,4.0,118.0,3,165000.0
Hammam Lif,ben-arous,2,1,3.0,111.0,2,162500.0
Ezzahra,ben-arous,3,1,3.0,89.0,3,145000.0
ben-arous,ben-arous,2,1,6.0,90.0,1,100000.0
Mornag,ben-arous,1,1,1.0,83.0,1,133000.0
Boumhel,ben-arous,2,2,3.0,107.0,1,100000.0
Hammam Lif,ben-arous,2,1,3.0,85.0,3,105000.0
ben-arous,ben-arous,3,1,3.0,75.0,1,130000.0
Ezzahra,ben-arous,3,2,5.0,135.0,1,256500.0
Mornag,ben-arous,3,2,4.0,120.0,1,195600.0
Rades,ben-arous,3,2,6.0,150.0,3,240000.0
El Mourouj,ben-arous,3,1,7.0,90.0,1,215000.0
Mornag,ben-arous,3,1,4.0,120.0,3,197000.0
El Mourouj,ben-arous,2,1,4.0,80.0,1,148000.0
ben-arous,ben-arous,2,1,3.0,87.0,1,115000.0
Hammam Lif,ben-arous,2,1,3.0,130.0,1,170000.0
El Mourouj,ben-arous,2,1,3.0,70.0,3,119980.0
Ezzahra,ben-arous,3,1,5.0,127.0,4,287000.0
ben-arous,ben-arous,2,1,3.0,80.0,1,100000.0
El Mourouj,ben-arous,2,1,2.0,112.0,1,236000.0
ben-arous,ben-arous,3,2,4.0,105.0,1,227000.0
Fouchana,ben-arous,3,1,4.0,96.0,1,130000.0
ben-arous,ben-arous,3,1,4.0,95.0,1,150000.0
ben-arous,ben-arous,2,1,3.0,70.0,2,100000.0
ben-arous,ben-arous,3,1,3.0,122.0,1,195000.0
Hammam Lif,ben-arous,2,1,2.0,84.0,6,170000.0
El Mourouj,ben-arous,3,1,3.0,112.0,2,171000.0
Rades,ben-arous,3,2,4.0,140.0,6,265000.0
El Mourouj,ben-arous,3,1,3.0,104.0,2,167000.0
ben-arous,ben-arous,2,1,2.0,97.0,1,140000.0
Ezzahra,ben-arous,2,1,3.0,105.0,5,231000.0
ben-arous,ben-arous,3,1,4.0,95.0,1,160000.0
ben-arous,ben-arous,2,1,3.0,85.0,1,110000.0
Rades,ben-arous,3,1,5.0,90.0,1,140000.0
Rades,ben-arous,2,1,3.0,85.0,2,125000.0
Mornag,ben-arous,2,1,2.0,200.0,1,200000.0
El Mourouj,ben-arous,3,1,4.0,100.0,4,150000.0
El Mourouj,ben-arous,3,1,4.0,100.0,1,160000.0
El Mourouj,ben-arous,3,1,4.0,81.7,3,100000.0
ben-arous,ben-arous,3,1,5.0,100.0,1,155000.0
Hammam Lif,ben-arous,2,1,2.0,80.0,1,100000.0
El Mourouj,ben-arous,3,1,6.0,100.0,1,170000.0
Rades,ben-arous,2,1,3.0,70.0,2,128000.0
Borj Cedria,ben-arous,2,1,3.0,75.0,3,115000.0
Rades,ben-arous,3,1,4.0,100.0,1,158000.0
Rades,ben-arous,3,1,4.0,84.0,1,140000.0
ben-arous,ben-arous,3,2,4.0,100.0,2,200000.0
ben-arous,ben-arous,2,1,3.0,70.0,1,130000.0
Ezzahra,ben-arous,3,1,4.0,140.0,5,265000.0
El Mourouj,ben-arous,3,1,4.0,90.0,4,100000.0
Fouchana,ben-arous,3,1,3.0,75.0,3,100000.0
Rades,ben-arous,4,2,4.0,150.0,3,250000.0
